side,joint_set,kd,speed,mean,std
left,ankle,10,0.3,0.0,0.0
left,ankle,10,0.5,0.0,0.0
left,ankle,10,0.7,0.0,0.0
left,ankle,10,0.9,0.0,0.0
left,ankle,30,0.3,0.0,0.0
left,ankle,30,0.5,0.0875,0.18077215335491092
left,ankle,30,0.7,0.1875,0.24748737341529164
left,ankle,30,0.9,0.0625,0.0744023809142845
left,ankle,40,0.3,0.0,0.0
left,ankle,40,0.5,0.15,0.17728105208558367
left,ankle,40,0.7,0.1375,0.2065879266282796
left,ankle,40,0.9,0.05,0.07559289460184546
left,ankle,50,0.3,0.0125,0.03535533905932738
left,ankle,50,0.5,0.125,0.15811388300841897
left,ankle,50,0.7,0.175,0.249284690951645
left,ankle,50,0.9,0.075,0.10350983390135313
left,ankle,60,0.3,0.0125,0.03535533905932738
left,ankle,60,0.5,0.15,0.16035674514745463
left,ankle,60,0.7,0.1625,0.23867192066576604
left,ankle,60,0.9,0.05,0.07559289460184546
left,ankle,70,0.3,0.0,0.0
left,ankle,70,0.5,0.0625,0.10606601717798213
left,ankle,70,0.7,0.1625,0.25035688811888407
left,ankle,70,0.9,0.0625,0.10606601717798213
left,ankle,100,0.3,0.025,0.07071067811865477
left,ankle,100,0.5,0.0875,0.13562026818605374
left,ankle,100,0.7,0.1875,0.2587745847533828
left,ankle,100,0.9,0.1125,0.18077215335491095
left,ankle,300,0.3,0.075,0.17525491637693283
left,ankle,300,0.5,0.11249999999999999,0.21001700611413077
left,ankle,300,0.7,0.13749999999999998,0.250356888118884
left,ankle,300,0.9,0.07500000000000001,0.10350983390135314
left,ankle,1000,0.3,0.0625,0.1407885953173359
left,ankle,1000,0.5,0.1375,0.27222627143085004
left,ankle,1000,0.7,0.15000000000000002,0.2
left,ankle,1000,0.9,0.1125,0.1642080561796093
left,ankle,3000,0.3,0.05,0.14142135623730953
left,ankle,3000,0.5,0.075,0.13887301496588272
left,ankle,3000,0.7,0.16249999999999998,0.25599944196367747
left,ankle,3000,0.9,0.0875,0.1246423454758225
left,three,10,0.3,0.0,0.0
left,three,10,0.5,0.0,0.0
left,three,10,0.7,0.0,0.0
left,three,10,0.9,0.025,0.04629100498862758
left,three,30,0.3,0.0,0.0
left,three,30,0.5,0.037500000000000006,0.05175491695067657
left,three,30,0.7,0.125,0.1832250762625809
left,three,30,0.9,0.175,0.31509635714446826
left,three,40,0.3,0.037500000000000006,0.07440238091428449
left,three,40,0.5,0.225,0.24928469095164493
left,three,40,0.7,0.3625,0.37392703642746744
left,three,40,0.9,0.475,0.4621378891320518
left,three,50,0.3,0.4375,0.25599944196367747
left,three,50,0.5,0.6625,0.3420004177106889
left,three,50,0.7,0.7625,0.30676887530703445
left,three,50,0.9,0.75,0.3295017884191656
left,three,60,0.3,0.775,0.3412163117856054
left,three,60,0.5,0.85,0.282842712474619
left,three,60,0.7,0.8375,0.30207614933986426
left,three,60,0.9,0.8875,0.21001700611413077
left,three,70,0.3,0.875,0.2549509756796392
left,three,70,0.5,0.925,0.14880476182856894
left,three,70,0.7,0.925,0.14880476182856894
left,three,70,0.9,0.925,0.13887301496588272
left,three,100,0.3,0.95,0.1069044967649698
left,three,100,0.5,0.975,0.07071067811865475
left,three,100,0.7,0.975,0.07071067811865475
left,three,100,0.9,0.9875,0.03535533905932738
left,three,300,0.3,1.0,0.0
left,three,300,0.5,1.0,0.0
left,three,300,0.7,0.9875,0.0353553390593274
left,three,300,0.9,1.0,0.0
left,three,1000,0.3,1.0,0.0
left,three,1000,0.5,1.0,0.0
left,three,1000,0.7,0.9875,0.0353553390593274
left,three,1000,0.9,1.0,0.0
left,three,3000,0.3,0.975,0.07071067811865475
left,three,3000,0.5,1.0,0.0
left,three,3000,0.7,1.0,0.0
left,three,3000,0.9,1.0,0.0
right,ankle,10,0.3,0.0,0.0
right,ankle,10,0.5,0.0,0.0
right,ankle,10,0.7,0.0375,0.10606601717798213
right,ankle,10,0.9,0.0125,0.03535533905932738
right,ankle,30,0.3,0.0,0.0
right,ankle,30,0.5,0.1625,0.22638462845343543
right,ankle,30,0.7,0.23750000000000002,0.3543101950067402
right,ankle,30,0.9,0.1,0.19272482233188631
right,ankle,40,0.3,0.0,0.0
right,ankle,40,0.5,0.1875,0.2416461403433896
right,ankle,40,0.7,0.2375,0.32923070504261465
right,ankle,40,0.9,0.1125,0.2232071427428535
right,ankle,50,0.3,0.0125,0.03535533905932738
right,ankle,50,0.5,0.15,0.2138089935299395
right,ankle,50,0.7,0.2375,0.32923070504261465
right,ankle,50,0.9,0.1125,0.2232071427428535
right,ankle,60,0.3,0.0,0.0
right,ankle,60,0.5,0.15,0.23904572186687872
right,ankle,60,0.7,0.23750000000000002,0.3113908889391045
right,ankle,60,0.9,0.1375,0.25035688811888407
right,ankle,70,0.3,0.0,0.0
right,ankle,70,0.5,0.1375,0.23867192066576606
right,ankle,70,0.7,0.25,0.32071349029490925
right,ankle,70,0.9,0.1375,0.25035688811888407
right,ankle,100,0.3,0.0125,0.03535533905932738
right,ankle,100,0.5,0.037500000000000006,0.0744023809142845
right,ankle,100,0.7,0.25,0.35456210417116735
right,ankle,100,0.9,0.17500000000000002,0.324037034920393
right,ankle,300,0.3,0.037500000000000006,0.07440238091428449
right,ankle,300,0.5,0.05,0.09258200997725516
right,ankle,300,0.7,0.225,0.34948942350643053
right,ankle,300,0.9,0.175,0.34121631178560535
right,ankle,1000,0.3,0.025,0.07071067811865477
right,ankle,1000,0.5,0.075,0.17525491637693283
right,ankle,1000,0.7,0.25,0.3251373336211726
right,ankle,1000,0.9,0.1625,0.32923070504261465
right,ankle,3000,0.3,0.05,0.09258200997725514
right,ankle,3000,0.5,0.037500000000000006,0.0744023809142845
right,ankle,3000,0.7,0.275,0.34121631178560535
right,ankle,3000,0.9,0.2,0.31622776601683794
right,three,10,0.3,0.0,0.0
right,three,10,0.5,0.0,0.0
right,three,10,0.7,0.0375,0.10606601717798213
right,three,10,0.9,0.1,0.28284271247461906
right,three,30,0.3,0.0,0.0
right,three,30,0.5,0.15000000000000002,0.32071349029490925
right,three,30,0.7,0.28750000000000003,0.3181980515339464
right,three,30,0.9,0.375,0.4301162633521313
right,three,40,0.3,0.07500000000000001,0.10350983390135314
right,three,40,0.5,0.325,0.23145502494313785
right,three,40,0.7,0.525,0.34537764010675953
right,three,40,0.9,0.5625,0.3204349722308279
right,three,50,0.3,0.6,0.26186146828319085
right,three,50,0.5,0.75,0.2138089935299395
right,three,50,0.7,0.8375,0.23867192066576604
right,three,50,0.9,0.9,0.20701966780270628
right,three,60,0.3,0.9,0.2449489742783178
right,three,60,0.5,0.925,0.13887301496588272
right,three,60,0.7,0.975,0.07071067811865475
right,three,60,0.9,0.9875,0.035355339059327376
right,three,70,0.3,0.925,0.17525491637693283
right,three,70,0.5,0.925,0.21213203435596428
right,three,70,0.7,1.0,0.0
right,three,70,0.9,1.0,0.0
right,three,100,0.3,0.975,0.07071067811865475
right,three,100,0.5,0.9875,0.035355339059327376
right,three,100,0.7,1.0,0.0
right,three,100,0.9,1.0,0.0
right,three,300,0.3,1.0,0.0
right,three,300,0.5,1.0,0.0
right,three,300,0.7,1.0,0.0
right,three,300,0.9,1.0,0.0
right,three,1000,0.3,1.0,0.0
right,three,1000,0.5,1.0,0.0
right,three,1000,0.7,1.0,0.0
right,three,1000,0.9,1.0,0.0
right,three,3000,0.3,1.0,0.0
right,three,3000,0.5,1.0,0.0
right,three,3000,0.7,1.0,0.0
right,three,3000,0.9,1.0,0.0
