side,condition,speed,mean,sd,ci_lo,ci_hi,n_seeds
left,no_treatment,0.3,0.48750000000000004,0.22951812875799468,0.29561804246501466,0.6793819575349854,8
left,no_treatment,0.5,0.7375,0.29246489410818916,0.49299322968333587,0.9820067703166642,8
left,no_treatment,0.7,0.7375,0.3335416016031583,0.4586522428258777,1.0163477571741224,8
left,no_treatment,0.9,0.75,0.4105745103771404,0.4067511194368357,1.0932488805631644,8
left,treat_all,0.3,0.0,0.0,0.0,0.0,8
left,treat_all,0.5,0.0,0.0,0.0,0.0,8
left,treat_all,0.7,0.0,0.0,0.0,0.0,8
left,treat_all,0.9,0.0,0.0,0.0,0.0,8
left,treat_ankle,0.3,0.025,0.04629100498862758,-0.013700248653757983,0.06370024865375798,8
left,treat_ankle,0.5,0.5249999999999999,0.28660575211055545,0.28539159497615685,0.764608405023843,8
left,treat_ankle,0.7,0.8,0.30237157840738177,0.5472110343452303,1.0527889656547698,8
left,treat_ankle,0.9,0.8374999999999999,0.2669269563007828,0.6143434799856059,1.060656520014394,8
left,treat_hip,0.3,0.125,0.12817398889233117,0.01784386367727693,0.23215613632272308,8
left,treat_hip,0.5,0.45,0.3295017884191656,0.17452961116717108,0.7254703888328289,8
left,treat_hip,0.7,0.2625,0.3113908889391045,0.0021707020420348444,0.5228292979579652,8
left,treat_hip,0.9,0.30000000000000004,0.35050983275386566,0.006966446580837393,0.5930335534191626,8
left,treat_hip_ankle,0.3,0.0,0.0,0.0,0.0,8
left,treat_hip_ankle,0.5,0.0,0.0,0.0,0.0,8
left,treat_hip_ankle,0.7,0.0,0.0,0.0,0.0,8
left,treat_hip_ankle,0.9,0.0,0.0,0.0,0.0,8
left,treat_hip_knee,0.3,0.0125,0.03535533905932738,-0.017057803144909803,0.042057803144909804,8
left,treat_hip_knee,0.5,0.125,0.13887301496588272,0.008899254038726045,0.24110074596127395,8
left,treat_hip_knee,0.7,0.1875,0.2416461403433896,-0.014521228958143118,0.3895212289581431,8
left,treat_hip_knee,0.9,0.0625,0.10606601717798211,-0.026173409434729386,0.1511734094347294,8
left,treat_knee,0.3,0.05,0.10690449676496976,-0.039374395911810495,0.1393743959118105,8
left,treat_knee,0.5,0.1,0.14142135623730953,-0.01823121257963921,0.21823121257963923,8
left,treat_knee,0.7,0.3,0.33806170189140666,0.01737334441703753,0.5826266555829624,8
left,treat_knee,0.9,0.2375,0.3583194903195431,-0.06206259053483276,0.5370625905348327,8
left,treat_knee_ankle,0.3,0.0,0.0,0.0,0.0,8
left,treat_knee_ankle,0.5,0.0,0.0,0.0,0.0,8
left,treat_knee_ankle,0.7,0.0,0.0,0.0,0.0,8
left,treat_knee_ankle,0.9,0.0,0.0,0.0,0.0,8
right,no_treatment,0.3,0.07500000000000001,0.10350983390135313,-0.011536386735947549,0.16153638673594756,8
right,no_treatment,0.5,0.25,0.2138089935299395,0.071251208176379,0.428748791823621,8
right,no_treatment,0.7,0.4625,0.36620642110310253,0.15634377032266616,0.7686562296773338,8
right,no_treatment,0.9,0.55,0.35456210417116735,0.25357866289585107,0.846421337104149,8
right,treat_all,0.3,0.0,0.0,0.0,0.0,8
right,treat_all,0.5,0.0,0.0,0.0,0.0,8
right,treat_all,0.7,0.0,0.0,0.0,0.0,8
right,treat_all,0.9,0.0,0.0,0.0,0.0,8
right,treat_ankle,0.3,0.0125,0.03535533905932738,-0.017057803144909803,0.042057803144909804,8
right,treat_ankle,0.5,0.05,0.14142135623730953,-0.06823121257963921,0.16823121257963922,8
right,treat_ankle,0.7,0.26249999999999996,0.32486260832190933,-0.00909193721231455,0.5340919372123145,8
right,treat_ankle,0.9,0.46249999999999997,0.3997767233987349,0.12827829525808354,0.7967217047419164,8
right,treat_hip,0.3,0.0,0.0,0.0,0.0,8
right,treat_hip,0.5,0.2,0.27255405754769874,-0.027860894384944407,0.42786089438494446,8
right,treat_hip,0.7,0.1875,0.24748737341529164,-0.0194046220143686,0.3944046220143686,8
right,treat_hip,0.9,0.15,0.27774602993176545,-0.08220149192254791,0.38220149192254793,8
right,treat_hip_ankle,0.3,0.0,0.0,0.0,0.0,8
right,treat_hip_ankle,0.5,0.0,0.0,0.0,0.0,8
right,treat_hip_ankle,0.7,0.0,0.0,0.0,0.0,8
right,treat_hip_ankle,0.9,0.0,0.0,0.0,0.0,8
right,treat_hip_knee,0.3,0.0,0.0,0.0,0.0,8
right,treat_hip_knee,0.5,0.175,0.24928469095164493,-0.03340721707757194,0.3834072170775719,8
right,treat_hip_knee,0.7,0.2375,0.3292307050426147,-0.03774375745852632,0.5127437574585263,8
right,treat_hip_knee,0.9,0.11249999999999999,0.22320714274285347,-0.07410584119021488,0.2991058411902149,8
right,treat_knee,0.3,0.0,0.0,0.0,0.0,8
right,treat_knee,0.5,0.05,0.07559289460184546,-0.013197241413692454,0.11319724141369246,8
right,treat_knee,0.7,0.3,0.35456210417116735,0.0035786628958510147,0.5964213371041489,8
right,treat_knee,0.9,0.3,0.3854496446637726,-0.022243967173651846,0.6222439671736518,8
right,treat_knee_ankle,0.3,0.0,0.0,0.0,0.0,8
right,treat_knee_ankle,0.5,0.0,0.0,0.0,0.0,8
right,treat_knee_ankle,0.7,0.0,0.0,0.0,0.0,8
right,treat_knee_ankle,0.9,0.0,0.0,0.0,0.0,8
