side,condition,speed,time_to_fall_s,rom_left_hip_pitch,tauabs_left_hip_pitch,taupk_left_hip_pitch,sat_left_hip_pitch,taudir_left_hip_pitch,actstd_left_hip_pitch,rom_left_knee,tauabs_left_knee,taupk_left_knee,sat_left_knee,taudir_left_knee,actstd_left_knee,rom_left_ankle_pitch,tauabs_left_ankle_pitch,taupk_left_ankle_pitch,sat_left_ankle_pitch,taudir_left_ankle_pitch,actstd_left_ankle_pitch,rom_right_hip_pitch,tauabs_right_hip_pitch,taupk_right_hip_pitch,sat_right_hip_pitch,taudir_right_hip_pitch,actstd_right_hip_pitch,rom_right_knee,tauabs_right_knee,taupk_right_knee,sat_right_knee,taudir_right_knee,actstd_right_knee,rom_right_ankle_pitch,tauabs_right_ankle_pitch,taupk_right_ankle_pitch,sat_right_ankle_pitch,taudir_right_ankle_pitch,actstd_right_ankle_pitch,rom_left_ankle_roll,tauabs_left_ankle_roll,taupk_left_ankle_roll,sat_left_ankle_roll,taudir_left_ankle_roll,actstd_left_ankle_roll,rom_right_ankle_roll,tauabs_right_ankle_roll,taupk_right_ankle_roll,sat_right_ankle_roll,taudir_right_ankle_roll,actstd_right_ankle_roll,foot_left_peak_mean,foot_left_n_main_peaks,foot_left_n_small_peaks,foot_left_main_peak_mean,foot_right_peak_mean,foot_right_n_main_peaks,foot_right_n_small_peaks,foot_right_main_peak_mean,trunk_roll_std_deg,trunk_pitch_std_deg,trunk_tilt_max_deg,base_vx_mean,vx_tracking_err
left,no_treatment,0.3,3.367692307692308,29.315975403785707,16.901661869883537,46.09003213346004,0.0011649676153986464,15.014507543580839,0.418886499106884,33.01822783946991,27.238007214665412,91.67824011445046,0.010005899922666544,23.339369173627347,0.9191696014255285,37.684879338741304,16.73685908317566,38.828670638799665,0.004483158908805738,20.963215347751976,0.8417526790872216,47.054395973682404,11.087153032422066,37.85002442598343,0.00063258301404853,0.0,0.4897666224394925,63.85002259016037,10.573577231913806,56.31173190325499,0.005866970095468989,0.0,0.9060234046541155,46.888428437709806,12.024981760978699,39.15087403059006,0.014866602165214593,0.0,1.2113816787023097,18.077692276239397,2.097099370509386,11.826012182235718,5.787037037037e-05,0.0,0.274384985177312,17.79478558152914,3.355581248179078,15.40496838092804,0.000204918032786885,0.0,0.41769297877326605,0.07406824897380838,4.4375,1.3125,0.08145840714375174,0.084260086218516,3.7,1.1375,0.0980767269456197,8.181719079986214,11.330862776935101,49.652261385321616,-0.07385652135126292,0.37385653238743544
left,no_treatment,0.5,3.2444067796610168,30.691501760482787,18.27059953212738,51.511382007598876,0.00039272865736076376,18.539289075136185,0.5512841356918216,39.9210585474968,33.18617382645607,108.37721877098083,0.009819679193239969,27.539828629791735,1.1539604283869267,44.768474912643434,19.232149600982666,41.79133245944977,0.003633673102388895,24.74114127755165,0.9625042997300625,53.99383895397186,13.900448614358902,44.32196290493012,0.00011111111111111,0.0,0.6342283245176077,84.33779163360596,13.473418474197388,77.30136969089509,0.007656165654372153,0.0,1.230002954788506,64.20434231758118,15.226786309480667,46.02437417507171,0.022482847359146296,0.0,1.658422589302063,20.5366057574749,1.9251071821898222,13.87518138885498,0.0,0.0,0.3498172908090055,23.83505275249481,4.285711978375912,25.95196877717972,0.0023824074355229537,0.0,0.7300603045150638,0.09866651943884786,5.2125,0.8375,0.11057949176010408,0.0930837841238826,4.7625,1.0625,0.10410855894413171,12.015964077413082,11.629115962982178,62.47023049592972,-0.007553047750843697,0.5085912853479385
left,no_treatment,0.7,2.884745762711864,30.312312126159668,18.09189052581787,51.187482595443726,0.00016667407440330498,17.92758486866951,0.6194154154509306,39.27737010717392,37.05443468093872,115.61066889762878,0.007974780755365238,35.241888427734374,1.242361057549715,46.54101731777191,20.326880407333373,42.015465116500856,0.0018100898503709988,26.682989597320557,1.0425171356648206,55.32155885696411,14.17921012043953,44.31488697528839,8.278145695364125e-05,0.0,0.7033154314383865,89.94780876636506,15.824054557085038,92.80772669315338,0.009707250585858711,0.0,1.3603531084954739,71.27610034942627,17.05642614364624,48.15205256938934,0.03741947777923969,0.0,1.9464843817055226,21.582226836681365,2.0128002684563397,14.214820289611817,0.0,0.0,0.39156618341803545,25.47802655696869,5.140578731894493,29.57161102592945,0.001613467449510439,0.0,0.85336072165519,0.11057956578044947,6.0375,0.325,0.11780736123836488,0.10049169817939396,5.9125,0.575,0.10581686776131387,12.386020578444004,10.94762181043625,63.73434715270996,0.07954874356219079,0.6206564523279667
left,no_treatment,0.9,2.462,24.82271790806251,20.537745668918273,56.0593777668627,0.0002700421940928253,21.86505955684034,0.7037544046776204,41.66652879835684,39.51983145218861,115.56089121178735,0.006633441367774368,36.4734392286856,1.3127703644052338,48.8015524707263,20.39745236650298,42.36499035509327,0.002660753770227325,26.185601838027374,1.1583360784415957,56.90763321405725,14.91061188903036,49.040160215353666,0.0006611489776046735,0.0,0.8134030522424963,95.2952085084553,16.748506201973445,97.92046078549156,0.00926268082153947,0.0,1.471548132504089,74.20151795013041,17.756679015823558,49.24064491368547,0.06242963517041505,0.0,2.1508415846885005,22.606464192837098,2.2225673002532766,15.635594874997683,0.0,0.0,0.4549862842393827,25.450249925444396,6.218175584756875,31.719632100455367,0.0027067361200130116,0.0,0.9529219763942912,0.11519773210151281,5.670886075949367,0.24050632911392406,0.11934897141196785,0.10879075715813451,6.329113924050633,0.21518987341772153,0.1115226831428612,13.23324178743966,10.240529579452321,64.36857011046591,0.1711854222996891,0.7288145551198646
left,treat_all,0.3,,9.70525981783867,5.698893994092941,12.341057300567627,0.0,0.0,0.3684807293117046,18.61040461063385,9.077942180633546,24.71582853794098,0.0,0.0,0.4897603843361139,14.72470544576645,8.93363310098648,33.46782426834106,0.0,0.0,0.8108610346913337,9.867937445640564,5.782393649220467,12.634964144229889,0.0,0.0,0.3737093115225434,20.21156952381134,9.0906476020813,25.031670117378233,0.0,0.0,0.5258598089218139,15.308430719375611,9.750052899122238,33.39978086948395,0.0,0.0,0.8481084652245044,3.986728684604168,2.9189330488443375,7.6849208056926726,0.0,0.0,0.1931104555726051,4.988301786780357,3.216419515013695,7.7783240377902985,0.0,0.0,0.2121561095118522,0.058676482364535286,9.725,1.0375,0.05984559603966768,0.06178108896128829,10.0375,0.7,0.06299016331322486,0.2573939176276326,0.41184760071337223,3.07083270996809,0.22311296872794623,0.07688704319298263
left,treat_all,0.5,,16.3618842959404,7.247859239578247,15.62170456647873,0.0,0.0,0.4753373619168997,29.563321900367736,9.879237687587738,26.913735842704774,0.0,0.0,0.7415586188435555,22.31851210594177,8.595732963085174,37.98754596710205,0.0,0.0,0.9105121493339539,16.913673722743987,7.159288227558136,15.367906975746155,0.0,0.0,0.4729344829916954,31.043278217315674,10.993325293064117,29.425358390808107,0.0,0.0,0.7875385522842407,22.577231192588805,9.60121430158615,39.5260746717453,0.0,0.0,0.9879033163189888,4.148782798647881,2.39554223716259,7.393586683273315,0.0,0.0,0.18700343705713746,5.100374373793602,2.554347985982895,7.089895769953728,0.0,0.0,0.1899149003438651,0.0828177902847528,10.225,0.05,0.08298750035464761,0.08718618517741557,10.0875,0.0125,0.08723946232348676,0.2889245325699448,0.4382592778652906,3.0435623854398726,0.42848300114274024,0.0715169988572597
left,treat_all,0.7,,22.021543073654176,8.959668385982514,18.924216854572297,0.0,0.0,0.5676885526627302,37.00423436164856,10.596178603172302,28.156517219543456,0.0,0.0,0.9116606004536152,27.075154376029968,9.583174544572831,39.75691442489624,0.00016666666666666625,0.0,1.0467446386814117,23.497975420951843,8.922590440511703,18.500224435329436,0.0,0.0,0.5678376019001007,39.23540573120117,11.220733404159546,30.359622359275818,0.0,0.0,0.9531719148159027,27.90735857486725,9.925328880548477,42.494077157974246,0.00016666666666666625,0.0,1.1040474712848662,4.59031201004982,2.128489463031292,6.825758770108223,0.0,0.0,0.16990779647603627,5.2154829651117325,2.138924415409565,6.520654037594795,0.0,0.0,0.17587681822478768,0.10416417969390745,10.1625,0.0,0.10416417969390745,0.10875226520001884,10.0875,0.0,0.10875226520001884,0.30671916045248504,0.36832792703062295,2.6367603123188017,0.6055559709668159,0.09444401711225506
left,treat_all,0.9,,27.435795545578003,10.96754593849182,22.533977103233337,0.0,0.0,0.6521822772920132,44.876845836639404,11.756099820137024,31.112497401237487,0.0,0.0,1.0618357963860034,30.456508827209472,10.265220141410827,41.65701298713684,0.00011111111111111,0.0,1.1510959595441819,30.45234341621399,11.008249139785766,22.299256253242493,0.0,0.0,0.656727921962738,47.01002459526062,12.305493986606598,34.09945433139801,0.0,0.0,1.1133023217320441,33.84707951545715,10.044873201847077,44.9104681968689,0.0014444444444444327,0.0,1.178483209758997,5.3192456513643265,1.8596714802086354,6.713582625985145,0.0,0.0,0.15426647542044516,5.88586041033268,1.7705226935446263,6.330239143967629,0.0,0.0,0.16422584969550366,0.12485700622200961,10.0875,0.0125,0.12496256195008751,0.1304674855433404,10.0125,0.0125,0.13057241365313527,0.41318784970790146,0.4178459970280528,3.4183854520320893,0.7951889246702194,0.10481105148792262
left,treat_ankle,0.3,4.199999999999999,10.05192711353302,9.179341170191766,30.365298146009444,0.0,10.602744416892529,0.30225741153117264,9.320016026496887,8.73903933018446,33.60964857339859,0.0,5.037246028601658,0.32698989820200947,19.501753187179567,9.193747079372406,34.74618147611618,0.0004999999999999963,0.0,0.7671406146604568,17.52994087934494,6.9436252899467945,25.114659714698792,0.0,0.0,0.30187141450587657,23.8335262298584,4.326213523000479,22.145549511909486,0.00016666666666666625,0.0,0.34158311928622426,19.567308402061464,14.298234510421754,35.7862427353859,0.0056800078767291805,0.0,0.7763724016956985,5.870163698866963,2.989135482907295,7.822325399518013,0.0,0.0,0.14426870587049048,6.907586769014597,3.0600693255662916,7.355324998497963,0.0,0.0,0.15036914654774586,0.05178451675635114,1.8,2.55,0.0625135590848715,0.05644788322123609,3.375,2.2375,0.06454962734428658,1.2563832486979662,3.373462840542197,17.487631839513778,0.05565561013645488,0.24434440135955807
left,treat_ankle,0.5,3.7842857142857143,25.81804839372635,18.243180763721465,59.55879969596863,0.00019367710251688,20.3845419049263,0.7229889493435622,31.983252775669097,25.293113887310028,101.49230356216431,0.0018577070928466537,22.497882345318793,1.0074228540062904,60.677755784988406,9.985902154445649,48.04235997200012,0.006955261614911926,0.0,1.4950188219547271,56.56237676143646,14.421857124567032,55.08485312461853,0.0006272249072564551,0.0,0.808223158121109,87.42215390205384,11.833039969205856,88.99273278713227,0.005727240812382689,0.0,1.1677139732986688,70.77864742279053,18.49529414176941,49.51019463539124,0.07435513542032166,0.0,1.9169280916452407,20.96862300634384,2.173564738035202,14.510380822420121,0.0,0.0,0.35341860149055715,23.373128926754,3.881814408302307,24.176581734418868,0.0009870214734513513,0.0,0.6965337759815157,0.08793770349584515,7.5875,1.4875,0.09449018817394968,0.09519866937771435,9.275,0.875,0.09916037339717146,9.47157127186656,10.357845783233643,56.80433937311172,0.2368832487147301,0.2631167516112327
left,treat_ankle,0.7,3.5003125,30.487705516815186,21.031191742420198,66.20776524543763,0.001773361913428035,23.37161472439766,0.8838562324643136,36.92768279314041,32.30498235225677,114.03290753364563,0.00934345839202186,29.15408048629761,1.261245384812355,64.93256940841675,10.10637589097023,48.873049068450925,0.014519725808100506,0.0,1.7150776177644729,65.42627930641174,16.256775295734407,59.04329643249512,0.00032546693083178123,0.0,0.997458727657795,100.37072262763976,15.553998017311097,102.32155475616455,0.013050104707294698,0.0,1.454253339767456,80.08111829757691,19.212167596817018,49.99315490722656,0.09975333896218325,0.0,2.256774108111858,22.731164193153383,2.3493846863508225,16.62636379003525,0.0,0.0,0.44103988390415905,25.63800103664398,4.915031038224697,31.342679858207703,0.00136261671637414,0.0,0.8634598165750503,0.10039445133879776,7.925,0.5875,0.10425278265029188,0.11200986001640553,9.1,0.4,0.11484824316576119,12.219403266906738,12.162502551078797,64.81853199005127,0.32538514472544194,0.393708074837923
left,treat_ankle,0.9,2.9202985074626864,25.73498692512512,23.08892192840576,66.2456476688385,0.0015716730144779325,27.153131651878358,0.9874789826571941,37.38268852233887,35.073938322067264,112.64407076835633,0.01099942300236244,30.257020556926726,1.3003560155630112,64.693372631073,10.242961633205415,48.4300856590271,0.02303561338597674,0.0,1.801229552924633,62.43091061115265,17.666930067539216,59.33914308547973,0.00035277413717780626,0.0,1.0833791673183442,100.67857904434204,16.82284703850746,99.12738392353057,0.014750219271488448,0.0,1.546525464206934,83.00291118621826,19.605862379074097,49.93981175422668,0.10644512548273537,0.0,2.3804775312542916,22.722419905662537,2.546094910800457,18.561890566349028,6.188118811881126e-05,0.0,0.4943094629794359,24.829942488670348,5.440429037809372,31.26521234512329,0.003335608015682525,0.0,0.8737000649794936,0.11127719338983293,6.9125,0.375,0.11491644522175189,0.12557499129325148,7.675,0.2625,0.12792129041627046,12.292846846580506,11.566200736165047,66.05205273628235,0.43369244313798844,0.47350161224603654
left,treat_hip,0.3,3.8560000000000003,17.677527886629104,4.818699225783348,21.31111686229706,0.00047659337346667,0.0,0.27553441287018354,21.758664536476136,15.074111992120743,59.95581930875778,0.0018407727621264688,14.091776808351279,0.45536167100071906,26.250466966629027,13.491345077753067,34.8139350771904,0.00045410169677969253,20.221390563994646,0.5300800984725356,22.12837451696396,5.9297958865761755,20.651731979846954,6.830601092896125e-05,0.0,0.3092157135251909,34.23042472600937,5.784588566422462,33.112715378403664,0.0006066707729885263,0.0,0.45552533338777723,22.22539676427841,12.929393827915192,31.917821764945984,0.0039201279035692696,0.0,0.7678399942815304,8.721806977689265,2.2092030964791776,9.629553651809692,0.0,0.0,0.1568082572892308,9.863952454924583,3.1959581673145294,11.74382884055376,0.0018103554227585424,0.0,0.27998940726974975,0.06354802403646174,3.425,1.5375,0.07053678197326593,0.06562657475891243,1.4,1.7125,0.0871468973609636,3.2954865803942086,3.7308731868863108,21.467835861444474,-0.010875254858365215,0.310958470031619
left,treat_hip,0.5,3.2311111111111113,29.915160977840422,8.000780612230301,31.91291700601578,0.0,0.0,0.5433084156364203,39.576646375656125,33.124415683746335,109.03876514434815,0.0014781594865077101,39.38721530437469,1.103743740171194,41.43026812076569,19.266255712509157,39.82739882469177,0.003612892043743106,27.37317192554474,0.999811851605773,42.506739783287045,10.393344056606292,39.875801753997806,0.0005497022446174975,0.0,0.7164137337356806,82.61219210624695,12.467713218927383,91.62566373348236,0.004177878733057907,0.0,1.1788554176688195,66.68794012069702,16.3678268969059,45.56853060722351,0.025667643632311554,0.0,1.7338580749928951,19.414382529258727,1.694457756727934,13.915369230508805,0.0,0.0,0.3615144969895482,23.491224348545074,4.3188354186713696,25.821023190021513,0.005598650207071834,0.0,0.7664147863164544,0.10921611329540606,7.3625,0.15,0.11060425583273167,0.10935978492415399,7.0,0.4125,0.1117451040050651,7.417563158273697,5.503944313526153,43.34479656219482,0.16565637743333353,0.34548208266496655
left,treat_hip,0.7,3.0923809523809522,30.394077110290528,10.393380481004716,34.28563044071198,8.802816901408375e-05,0.0,0.6349463418126107,35.941541528701784,36.11098527908325,100.62190132141113,0.0006135323012925475,46.75283780097961,1.0646134205162525,37.30228793621063,19.698876643180846,39.184381103515626,0.00232841830186554,27.895973467826842,1.07035166695714,37.93874219655991,12.700026202201844,41.797846579551695,0.0002640845070422525,0.0,0.7908395942300558,74.51834063529968,12.264654296636582,84.36615827083588,0.0016636307533046575,0.0,1.1585578866302968,65.75703973770142,16.657194995880126,45.918044090270996,0.03649960570383787,0.0,1.8368054136633873,18.60006903409958,1.585675097256899,12.392986512184143,0.0,0.0,0.34101174697279923,22.04473509788513,3.5346882745623587,19.867619580030443,0.002545294278686301,0.0,0.6197291769087314,0.11589752752333875,8.975,0.0375,0.11604164876043792,0.11619512261822815,9.0875,0.1,0.11682302625849839,5.537286579608917,4.2778752282261845,33.57406713962555,0.390139474614989,0.33673900254070754
left,treat_hip,0.9,2.735,33.8668214559555,12.116669046878815,38.690824317932126,0.0008378782547501737,0.0,0.7354336611926555,39.56503608226776,38.935738635063174,105.52767057418824,0.002203787105976179,49.28521151542664,1.1884430043399334,40.06497995853424,19.688552570343017,40.087479162216184,0.00378655677011775,26.329692482948303,1.144064538925886,41.573547053337094,14.428617280721664,47.128758096694945,0.002337659201611677,0.0,0.9164178259670734,82.60363340377808,14.0866259932518,89.02865293025971,0.0049932842458268855,0.0,1.3273119799792767,71.47559785842896,16.972799372673034,47.10017175674439,0.03863301775762653,0.0,2.008809967339039,18.906570661067963,1.5843501649796963,13.031633406877518,0.0,0.0,0.37511689867824316,22.48799213171005,3.8337942115962504,19.70871077477932,0.0011351296678399462,0.0,0.6170197324827313,0.12947629755362863,8.725,0.0375,0.12976373685523862,0.13488101074472064,8.95,0.1375,0.13580907350406046,5.754369770735503,4.825952343642712,34.552874982357025,0.5298587553203106,0.39849463291466236
left,treat_hip_ankle,0.3,,8.208101361989975,8.046703284978866,19.286856746673585,0.0,0.0,0.42965695858001707,7.5351087093353275,13.189537227153778,40.40792419910431,0.0,17.679358386993407,0.47334139570593836,12.663041400909425,10.712879848480224,35.664110612869266,0.00027777777777777626,0.0,0.9022051230072975,10.666069519519805,7.956501740217209,19.987636601924898,0.0,0.0,0.5013866800814867,23.474786114692687,5.891658580303192,20.39154883623123,0.0,0.0,0.4850938249379396,15.318061590194702,12.90134084224701,35.386326456069945,0.0022222222222222214,0.0,1.0137136295437812,3.7962058395147324,3.1306212723255156,8.188858735561372,0.0,0.0,0.21093988027423616,5.006395602226258,2.7429978378117084,6.608740195631981,0.0,0.0,0.1830915006808936,0.051897125178948,5.225,5.0125,0.0552103659510612,0.06188776837661858,9.8125,0.65,0.06281716711819167,0.40344509612768886,0.654322088509798,3.5209583535790445,0.22376325894147153,0.08420689608901735
left,treat_hip_ankle,0.5,,16.556033194065094,13.462134087085724,32.00870051383972,0.0,0.0,0.6706032328307628,13.131364703178406,24.179747295379638,74.3230742931366,0.0,38.19530656337738,0.7265731766819954,22.77431653738022,12.427267569303513,43.37229492664337,0.0016111111111111027,0.0,1.1941919825971126,19.24910976886749,12.697020637989045,32.394270181655884,0.0,0.0,0.799799007922411,35.316741061210635,7.422409296035767,26.34915084838867,0.0,0.0,0.7086518488824367,25.846061182022094,16.32901349067688,43.12033352851868,0.0081111111111111,0.0,1.4024728655815124,5.845071667432785,2.4535326555371286,8.550923973321915,0.0,0.0,0.2252952471375465,6.336494877934456,1.697642582654953,5.666126179695129,0.0,0.0,0.17810385348275298,0.07372860210016366,10.375,0.1,0.07394174295477565,0.09265833180397745,10.475,0.0125,0.09273098520934578,0.802977679297328,1.3235719308257103,7.573693883419037,0.4929399061948061,0.07893114797770973
left,treat_hip_ankle,0.7,,21.649077975749968,17.011846113204957,37.11242191791534,0.0,0.0,0.8382121361792088,17.42166073322296,31.592659163475037,83.03540077209473,0.0,50.00335540771484,0.9069401450455189,29.038490200042723,13.440479731559753,45.806417274475095,0.007833333333333324,0.0,1.3722627997398376,26.91812057495117,16.239874601364136,38.60878872871399,0.0,0.0,1.0132368758320809,41.668945932388304,9.234466290473938,32.913512635231015,0.0,0.0,0.846896369755268,33.66856846809387,17.848027110099792,45.79107060432434,0.011999999999999986,0.0,1.644176760315895,7.063612523674965,2.208461958169937,9.335823088884354,0.0,0.0,0.23454636214300986,6.912437507510186,1.269208524376154,4.963563671708107,0.0,0.0,0.1682669604197144,0.09146827780641612,10.9375,0.05,0.09164723143912848,0.11645966107025738,10.975,0.0,0.11645966107025738,0.9875211253762245,1.6707064427435399,9.729336470365524,0.7651460237801075,0.10066729262471194
left,treat_hip_ankle,0.9,,27.775481057167053,18.93042097091675,40.58711974620819,0.0,0.0,0.924254984408617,19.643828916549683,33.56613440513611,90.04774694442749,0.0,50.18224596977234,1.048953641951084,30.603318524360656,13.657733118534088,46.745672082901,0.012166666666666649,0.0,1.4327224314212799,32.67235889434814,18.039749789237977,41.32389764785766,0.0,0.0,1.116673229634762,48.137851762771604,9.763978493213653,38.06031200885773,0.0,0.0,0.9889285154640675,40.00128300189972,17.57975653409958,47.17654089927673,0.01566666666666664,0.0,1.712796588242054,7.776637321710586,2.0895402491092683,9.744232994318008,0.0,0.0,0.23655416220426556,7.6918021649122235,1.1307894017547369,5.223570722341537,0.0,0.0,0.17092622453346845,0.10344843659549947,10.925,0.125,0.10404312741011376,0.13713267827406522,10.8875,0.0,0.13713267827406522,0.9647898934781551,1.6339375033974648,9.251492255926133,0.9984181225299835,0.12546039819717403
left,treat_hip_knee,0.3,3.24,15.039186823368073,4.213784798979759,14.015378466248512,0.0,0.0,0.2620662861037999,31.079943823814393,4.398097747564316,17.42673807144165,0.0,0.0,0.4026407598517835,19.41982923746109,11.067663931846619,32.44896924495697,5.5555555555555e-05,15.784060966968536,0.6351627567782998,10.784411758184433,4.3594259291887285,12.263471919298173,0.0,0.0,0.23221510439179832,20.789016914367675,7.26711151599884,27.017590320110322,0.0,0.0,0.39032984133809806,14.930695796012879,11.03977535367012,28.059160816669465,0.00061111111111111,0.0,0.7048477675765753,5.555753511190415,2.499811214208603,8.355485093593597,0.0,0.0,0.1553274488309398,6.2927597790956495,2.9692954793572426,7.34513968527317,0.0,0.0,0.16226567799458275,0.0630947044944461,5.0375,1.675,0.06776352207630104,0.05086079569390183,2.5875,3.0875,0.05747786817485334,1.2749391209334135,1.4371279750019312,7.548764523863793,0.0302731476112967,0.27034494727849956
left,treat_hip_knee,0.5,3.8340000000000005,29.197858381271363,6.007077872753143,23.562224125862123,0.0,0.0,0.5339957261458039,61.63517656326294,6.730152252316475,33.00682238340378,0.00011520737327188875,0.0,0.8580257549881936,31.874089550971984,18.400662577152254,38.96630163192749,0.01030751416292765,23.197898292541502,1.2937425766140223,25.325914561748505,6.639561095833779,24.199360501766204,0.0,0.0,0.43366791401058435,51.466020464897156,9.262487423419952,42.378222620487215,5.5555555555555e-05,0.0,0.8394976232200861,42.00917382240296,15.127854228019714,43.0456889629364,0.014798179572315365,0.0,1.3972747273743154,11.37719749212265,1.2748728334903716,8.22445805668831,0.0,0.0,0.22273372737690803,11.074863216280937,1.829422263801098,8.330652835965157,0.0,0.0,0.22835706369951364,0.11422049654647703,8.3875,0.325,0.11652579028159375,0.102651091851294,7.6375,0.35,0.10497055295854803,2.472310519218445,2.3755359016358852,17.47464287877083,0.33348419880494473,0.25194400846958154
left,treat_hip_knee,0.7,4.209333333333333,33.753775119781494,7.628324657678604,27.401122319698334,0.00018472906403940874,0.0,0.7104150589555502,73.62184586524964,8.782662433385848,41.77197380065918,0.00023121479774705373,0.0,1.017799013853073,34.348262023925784,19.310737717151643,40.64259405136109,0.015118540010387146,21.045299088954927,1.6467389911413193,31.986494493484496,8.109306412935258,30.939841830730437,0.0003401360544217675,0.0,0.5795925129204988,60.14126033782959,9.936758255958557,42.88358314037323,0.0,0.0,1.0040425285696983,47.102270460128786,15.004251015186309,46.069484615325926,0.02202105407224657,0.0,1.5441985249519348,12.383079612255097,1.1559946537017822,8.213151863217353,0.0,0.0,0.22056133514270182,10.450338262319566,1.7282575532793998,8.42581178545952,0.0,0.0,0.20409982390701767,0.13372250134125346,9.475,0.075,0.13438627095893022,0.12619556412100788,9.05,0.1,0.12702196398749943,2.501872856169939,2.9257848717272283,21.46067996621132,0.6010261412709952,0.22431491948664184
left,treat_hip_knee,0.9,3.5759999999999996,34.0914803981781,8.190694159269333,24.869066965579986,0.0,0.0,0.7248057782649994,64.79894976615905,8.164930546283722,31.34625985622406,9.6153846153845e-05,0.0,0.9975204788148403,29.839595603942872,18.133051085472108,38.4542254447937,0.004933045286138065,19.096061491966246,1.5836378924548626,33.69044442176819,8.598944294452668,27.507728815078735,5.787037037037e-05,0.0,0.5937231715768576,56.166512155532835,11.121833109855652,36.841995644569394,0.0,0.0,1.0536356173455714,42.934679532051085,12.939108073711395,46.49745798110962,0.007781435536590164,0.0,1.4406353950500488,9.831347197294235,1.2409947387874127,7.2046376734972,0.0,0.0,0.1819546073675155,8.649180808663369,1.6137572668492794,7.391421896219254,0.0,0.0,0.186344336066395,0.135625435039401,9.475,0.0875,0.13635718692094084,0.1361108999699354,9.125,0.0625,0.1366924013011157,1.7666492991149425,1.8090349063277245,11.052953711152076,0.7081180177628994,0.21895805522799489
left,treat_knee,0.3,4.355,27.73400709629059,18.316391734778882,47.79745518267155,0.0,16.332715409994126,0.4491649968549609,51.74101574420929,7.538323229551315,31.26406337618828,0.0,0.0,0.8314467237796634,24.330770516395567,15.672915947437286,37.85653603076935,0.0013141929057614824,19.80406862050295,0.9743809723295271,37.032041418552396,11.01687586158514,35.3523165166378,0.0,0.0,0.47871868084184827,42.119565629959105,11.597405360639096,55.95167963504791,0.00029481132075471627,0.0,0.7675202533602714,36.87456451654434,10.905920225381852,37.819166254997256,0.006452688650659841,0.0,1.1193160988390445,12.458540469408035,1.7289899222552776,8.23411729633808,0.0,0.0,0.18546462489757684,13.013395476341248,2.6432990111410617,10.325796397030354,0.00017688679245283,0.0,0.270982020732481,0.09995295096870875,7.8625,0.525,0.10385253312795055,0.07199879449932538,5.8125,2.2875,0.08130675788436613,3.0025834146887065,6.987862338125706,31.611678612232208,-0.1140949169457599,0.41409492772072554
left,treat_knee,0.5,3.745,30.57730884552002,20.904552865028382,56.6671147108078,5.5555555555555e-05,19.943079590797424,0.5862236071377993,63.67812039852142,7.798256495594979,38.1394042134285,0.00020161290322580623,0.0,1.035315614938736,30.280830347537993,18.804227900505065,41.21170291900635,0.0023238133500797613,25.157947766780854,1.1451333835721016,44.49372932910919,13.378502762317657,43.25230393409729,0.00010080645161290251,0.0,0.5937389310449361,57.35341429710388,14.203245836496354,72.99682528972626,0.0018462127398938314,0.0,1.0260268617421389,48.11057126522064,12.753450161218643,44.80042004585266,0.014427462411979846,0.0,1.4891803458333015,16.142962247133255,1.2651068404316903,8.580686625838279,0.0,0.0,0.22151631573215122,16.450768965482713,2.4702860951423644,11.577229034900665,0.00030864197530864126,0.0,0.36444646399468184,0.11715677147731181,9.6375,0.075,0.11774340830743309,0.08505092421546573,8.3,1.925,0.09243156681768591,4.12659772336483,7.583535051345825,39.49614326953888,-0.029482853642548427,0.5360257972031832
left,treat_knee,0.7,3.9791666666666665,28.070807218551636,18.658364403247834,63.76715927124023,0.00024075799937868874,19.052290284633635,0.7969990380108356,68.77623901367187,7.377032142877579,39.073284816741946,0.0,0.0,1.0109082601964474,35.755349242687224,19.90117516517639,42.21087045669556,0.006545243593320321,23.44784117937088,1.4668276123702526,46.37978587150574,12.963471227884293,43.24420101642609,0.00027644390482615375,0.0,0.672237216681242,74.99922432899476,13.458814644813538,72.54622676372529,0.00085003211303789,0.0,1.212899562716484,58.8610475063324,15.327099609375,48.30762071609497,0.04059598666297497,0.0,1.7480063527822494,16.755356907844543,1.2146995265036822,9.006800723075866,0.0,0.0,0.23732551056891676,17.005560660362242,2.0912465997040273,11.385722216963767,0.0,0.0,0.3307857699692249,0.13124840334057802,9.4625,0.05,0.13180808015167708,0.11197293354198332,8.9875,0.9625,0.11733820843510326,3.996016409993172,7.162403252720833,43.83721158504486,0.27971850328613074,0.42793552167713644
left,treat_knee,0.9,3.6473684210526316,21.9412433385849,19.67624748945236,66.20938096046447,0.0010342667419272838,20.18994632959366,0.8979254379868508,65.61719751358032,7.293669497966766,37.455086255073546,0.0,0.0,0.9901469051837921,35.234754371643064,20.209231781959534,42.162766218185425,0.009510701146150966,23.135679650306702,1.5701112277805804,45.13148398399353,12.152935349941254,40.19802975654602,7.440476190476125e-05,0.0,0.7018171411007643,75.06130452156067,13.800839233398438,69.5402615070343,0.0007410714285714249,0.0,1.2751336075365542,58.77873024940491,15.184754729270935,49.17844409942627,0.049368205573056496,0.0,1.8238231375813485,15.417608273029327,1.1874236032366752,8.46657862663269,0.0,0.0,0.24081146763637656,15.899370115995406,1.8637192316353322,9.800427955389022,0.0,0.0,0.28966065114364026,0.13633491061627862,9.45,0.025,0.13651844160631293,0.1257737051695585,9.425,0.7125,0.13056418979540463,3.532373721897602,6.080545973777771,39.54057106971741,0.4229175416112412,0.47708243429660796
left,treat_knee_ankle,0.3,,5.494274777173996,8.195230136811734,25.143430769443512,0.0,6.816939800977707,0.3669349288102239,11.213523840904235,5.721619734168053,20.166353905200957,0.0,0.0,0.27813558885827655,9.442434394359589,12.98692187666893,36.20139298439026,0.0,0.0,0.9024862760677934,11.468243962526321,4.994942601025104,13.586411887407303,0.0,0.0,0.28421509461477396,17.108069205284117,8.570692883431912,29.358790624141694,0.0,0.0,0.4281168124638498,13.490295803546905,8.13686438202858,28.42154207229614,0.0,0.0,0.6798733780160546,3.852892466634512,3.032728073000908,6.897321701049805,0.0,0.0,0.1514338626293465,4.981991699337959,3.3658592544496058,7.488621681928635,0.0,0.0,0.1804852476343512,0.04784470581462681,2.7625,5.725,0.05342262580257943,0.053052035486930334,5.15,3.4875,0.05883105655511216,0.35496052466332906,1.1864483833312989,6.611963936686516,0.09488126213545908,0.20511875059455628
left,treat_knee_ankle,0.5,,9.904060459136963,12.843438720703125,37.866098523139954,0.0,10.663981342315674,0.5739770378917456,21.87275061607361,5.111483895778656,23.020479607582093,0.0,0.0,0.5138234969228506,19.070895159244536,13.591548049449921,42.796438980102536,0.0,0.0,1.2326223596930503,21.097892308235167,5.8066618800163265,16.572269105911253,0.0,0.0,0.4187376148998737,28.199654006958006,10.906125676631927,35.68490908145905,0.0,0.0,0.7463821396231651,20.750630104541777,8.377675753831863,36.01209561824798,0.0,0.0,0.9232980832457542,4.114615261554718,2.0657591365277765,6.876760804653168,0.0,0.0,0.1665420160628855,5.40314978659153,2.726730479300022,7.560992270708084,0.0,0.0,0.1919910248368978,0.0669635126367211,10.325,0.3375,0.06762888897210355,0.07077940073795612,9.9375,0.7125,0.07264376217499371,0.35056349039077755,1.9850898407399655,11.801049667596818,0.2695971632376313,0.23040283769369121
left,treat_knee_ankle,0.7,,15.975450897216797,15.752695620059967,45.797082567214964,0.0,12.76467740535736,0.7171323537826538,28.765168356895447,5.093785127997398,22.45593042373657,0.0,0.0,0.643338319659233,25.053918766975404,14.409658718109132,45.061781072616576,0.00011111111111111,0.0,1.3945485353469849,30.109433245658874,6.619233974814415,17.659150850772857,0.0,0.0,0.5163277629762888,36.22423505783081,11.248926091194154,35.74120864868164,0.0,0.0,0.9220939449965954,24.985320234298705,9.145986753702164,40.33832259178162,5.5555555555555e-05,0.0,1.05787675306201,4.780790403485298,1.6899380579590797,6.516812241077423,0.0,0.0,0.15544646708294746,5.544758377969265,2.1591104574501516,7.026790723204613,0.0,0.0,0.17498213322833175,0.08410766348242756,10.875,0.0,0.08410766348242756,0.0883208533748984,10.7,0.05,0.08853462664410468,0.47427471317350867,2.943587785959244,15.563302886486053,0.42539294697344304,0.27460704110562795
left,treat_knee_ankle,0.9,,15.924199271202088,18.41572437286377,53.50207591056824,0.0,15.126994752883911,0.8576981760561466,35.33705115318298,5.920023712515831,24.268103206157683,0.0,0.0,0.764703119546175,29.080461931228637,14.843678331375122,47.7806893825531,0.003999999999999981,0.0,1.5431541219353675,35.40583925247192,7.419293010234833,19.579551661014555,0.0,0.0,0.6153937477618456,44.350014209747314,11.89917837381363,37.87540993690491,0.0,0.0,1.0820481345057487,28.98956389427185,10.162764775753022,44.994661235809325,0.0011666666666666564,0.0,1.205743734538555,5.51311224102974,1.4110245756804942,6.210381388664246,0.0,0.0,0.14911518581211564,6.241697612404823,1.7164511390030384,6.733014544844627,0.0,0.0,0.16804238948971031,0.10246603246778245,10.925,0.05,0.1027406345121562,0.10715126525610681,10.925,0.0375,0.10734615884721274,0.5545201033353806,2.9559230387210844,16.740683782100678,0.5968285411596298,0.3031714349985123
right,no_treatment,0.3,3.736666666666667,17.797685301303865,5.761424413323402,18.767299842834472,0.0,0.0,0.2541737786959856,33.36113529205322,6.021085305511951,28.016945242881775,0.000701039168665065,0.0,0.4285455625271425,23.47375295162201,12.076730501651763,31.347013187408447,0.005693996070219073,0.0,0.715045179054141,10.999984896183014,8.294148968160153,25.36924891471863,0.0,6.215748551097931,0.25135880347806955,18.88257932662964,9.753028737008572,39.57790207862854,0.00016666666666666625,8.09669467110216,0.3781229403801262,18.742611861228944,11.981074592471122,30.01633616685867,0.0005945523370638561,10.812532219290734,0.6185607600957155,7.408644487708807,3.1137572109699247,8.071846199035644,0.0,0.0,0.16998938634060318,7.757702946662903,2.773986354097724,7.874400687962771,0.0,0.0,0.14584411696996535,0.062165077174863456,1.95,1.525,0.07415285165298655,0.060497864653341046,2.1125,1.6375,0.07290606065950489,2.172036384511739,3.8192898593842983,19.945950743556022,0.03219724225054957,0.271442125737667
right,no_treatment,0.5,3.941,41.165183913707736,10.537287378311158,38.97201443910599,0.00027372262773722625,0.0,0.5867940116673708,82.10166103839875,8.909185653924942,73.06509405970573,0.0020580835290309836,0.0,1.0157577430829405,58.648371040821075,16.852696800231932,46.731829452514646,0.0403929754558705,0.0,1.49897150862962,23.805562829971315,10.906266045570373,41.293717885017394,0.0,8.327985435724258,0.5563997536897659,40.50278091430664,18.420380975306035,83.02298770546913,0.000777258027258025,18.627398808533325,0.9272528568282723,36.71368948221207,17.32020698785782,40.085346698760986,0.0018392556240509061,20.290466693043708,1.1875799383968115,17.65204698741436,2.599767827242613,14.820394140481948,0.000638337012509195,0.0,0.409256057580933,17.328091949224472,1.705172573029995,9.579249167442322,0.0,0.0,0.2423960891552269,0.09704175398130956,6.425,0.925,0.10278926124867001,0.09433836527640302,6.2625,0.6,0.09945661928268923,5.986733864992857,6.136959140002728,40.15882954597473,0.19727495920087673,0.3218688532710075
right,no_treatment,0.7,3.245945945945946,56.295726203918456,13.445500028133392,48.58571038246155,0.0010077112087429501,0.0,0.8455455891788006,104.80935726165771,13.496591573953628,101.91255002021789,0.00820803743923763,0.0,1.4730814956128597,78.23107872009277,18.625516378879546,49.064260482788086,0.07925088678786261,0.0,2.023953029513359,32.79873623847961,13.691838431358338,48.68349449634552,0.001106342046740345,9.931142377853394,0.7487344533205033,47.365723395347594,27.383592534065247,104.23193249702453,0.006792386719384276,29.352278196811675,1.2852985106408596,39.84340403079987,19.907404232025147,41.09340844154358,0.00273761680734378,23.006366884708406,1.3625088788568973,22.893822526931764,3.2856999158859255,21.698580276966094,0.0009754525252254599,0.0,0.6115942984819412,21.219282376766206,1.579920993745327,13.456992161273956,0.0,0.0,0.34662332870066165,0.1265796636231243,7.7875,0.5,0.1301171956583857,0.12124783266335722,7.3375,0.15,0.12282534185796971,8.960003682971001,8.65729449391365,51.961531496047975,0.30386148286634124,0.41827407889068124
right,no_treatment,0.9,3.179090909090909,55.192244148254396,14.732990145683289,53.65493159294128,0.0012623265698177388,0.0,0.9065260790288449,107.1810133934021,17.072425305843353,115.0313585281372,0.009862071538877425,0.0,1.624816534668207,84.83480763435364,18.32458612918854,49.82354731559754,0.09222000669572515,0.0,2.1871131747961043,33.38885715007782,15.903265070915221,53.143158531188966,0.0008571054202943437,12.310281753540039,0.837964903190732,52.259492421150206,32.05576312541962,107.84299116134643,0.006373088171223254,34.49553141593933,1.411206679046154,42.243059158325195,20.816217994689943,41.975298929214475,0.004561753885194168,23.798051726818084,1.4303553991019726,23.703870522975922,3.8745234653353693,21.873006021976472,0.0019274974255296575,0.0,0.6864988964051009,21.56411430835724,1.571236179769039,13.691643330454827,0.0003683374259713987,0.0,0.3926125293597579,0.140194764919579,8.1125,0.2625,0.1427474003285169,0.13602285142987963,7.55,0.0875,0.13671796442940826,9.956014850735665,8.651924598217011,54.805277585983276,0.34377998633135576,0.5594603426754474
right,treat_all,0.3,,9.704023951292038,5.701252061128616,12.3429456949234,0.0,0.0,0.36839129999279974,18.58834228515625,9.085723078250885,24.775940561294554,0.0,0.0,0.48966535814106465,14.701337540149689,8.932550257444381,33.46988835334778,0.0,0.0,0.8106076627969742,9.876675361394883,5.785102742910385,12.63298658132553,0.0,0.0,0.37388818915933364,20.25987865924835,9.090144920349122,25.003808069229127,0.0,0.0,0.5258264649659395,15.327081739902496,9.757253509759902,33.404247188568114,0.0,0.0,0.8478380024433136,3.9851768970489503,2.9168191105127335,7.68469071984291,0.0,0.0,0.19303071349859235,4.984614217281342,3.216222658753395,7.758809924125671,0.0,0.0,0.21216772189363833,0.058688506763428405,9.8,0.95,0.05976448715664442,0.0618258619215339,10.1,0.6375,0.06290611163713034,0.2565458012744784,0.41151801496744156,3.069466936588287,0.22314428910613054,0.07685572281479831
right,treat_all,0.5,,16.35167669057846,7.24998140335083,15.616746163368225,0.0,0.0,0.47548485174775124,29.54679853916168,9.877289080619812,26.955004835128783,0.0,0.0,0.7416805617511273,22.3122802734375,8.607420754432678,37.95727910995483,0.0,0.0,0.9110606551170349,16.9009708404541,7.160243439674377,15.36709498167038,0.0,0.0,0.4729310620576143,31.027365136146546,10.996212089061737,29.42766740322113,0.0,0.0,0.7876518607139588,22.582825207710265,9.599204277992248,39.516688871383664,0.0,0.0,0.9876797549426556,4.142057731747627,2.3958499908447264,7.4027892589569095,0.0,0.0,0.1869549508206546,5.111365774273873,2.5543908208608626,7.097391268610954,0.0,0.0,0.18994629736989732,0.08285203166306014,10.2125,0.05,0.08302180888131257,0.08718649996444579,10.0875,0.0125,0.08723997222259636,0.28883690219372504,0.43840119764208796,3.046119448542595,0.42849598079919815,0.07150401920080181
right,treat_all,0.7,,22.028966748714446,8.96133724451065,18.89648230075836,0.0,0.0,0.5677393943071365,37.01420283317566,10.599752962589264,28.147238516807555,0.0,0.0,0.9116524815559387,27.06856241226196,9.573780715465546,39.754762172698975,0.00016666666666666625,0.0,1.0465736225247384,23.489013528823854,8.922580820322036,18.49459766149521,0.0,0.0,0.5678761579096318,39.22207970619202,11.221750771999359,30.383267188072203,0.0,0.0,0.9530247427523136,27.885982608795167,9.925900089740754,42.47439465522766,0.00016666666666666625,0.0,1.1041756987571716,4.585624879598617,2.12774121761322,6.828014865517616,0.0,0.0,0.16992693906649942,5.210112810134888,2.1386401280760765,6.526777046918869,0.0,0.0,0.17584154363721605,0.1041656692512333,10.1625,0.0,0.1041656692512333,0.10874577173963185,10.0875,0.0,0.10874577173963185,0.3059226779267192,0.3682755671441555,2.6362282417714598,0.6055504508316517,0.09444953724741931
right,treat_all,0.9,,27.439218950271606,10.967072200775146,22.518836903572083,0.0,0.0,0.6521382749080658,44.88416767120361,11.752185320854187,31.10951895713806,0.0,0.0,1.061852577328682,30.45958161354065,10.266878598928452,41.67886674404144,0.00011111111111111,0.0,1.1512920334935188,30.45558958053589,11.007974183559417,22.287283396720888,0.0,0.0,0.6567537866532802,47.02696070671082,12.303985559940338,34.09053390026092,0.0,0.0,1.1133279785513879,33.85588972568512,10.050587505102158,44.910503196716306,0.0013888888888888764,0.0,1.1787164330482482,5.322849258780479,1.85857220813632,6.716646215319633,0.0,0.0,0.15417832406237716,5.891103154420852,1.769785639643669,6.329797440767289,0.0,0.0,0.16419124389067288,0.12485771710053081,10.0875,0.0125,0.12496327189728614,0.13049180516973133,10.0125,0.0125,0.13059673290699716,0.4127102106809616,0.41802269537001846,3.4179472401738167,0.7952270478010177,0.10477292835712429
right,treat_ankle,0.3,4.62,11.6844722032547,5.606812455505133,16.710933974385263,0.0,0.0,0.3301706191268749,19.128822135925294,5.335761597752571,17.900388365983964,0.0,0.0,0.3516517869662493,13.759091997146607,11.366574388742446,31.180206453800203,0.002464769647696474,0.0,0.7262563645839691,4.869124078750611,7.7774660050868984,22.13316125869751,0.0,6.216040769219399,0.3502059263410046,8.780113697052002,7.398438480496407,23.945903703570366,0.0,5.191479829361197,0.34051361908204847,13.121965336799622,11.76799384355545,34.4399220764637,0.0011883468834688337,0.0,0.8496017619501799,3.8349455438554285,2.769610621035099,6.424337294697762,0.0,0.0,0.14223389478866005,5.135074020922184,3.440216398239136,7.887175151705742,0.0,0.0,0.1879881429718807,0.052124178368751266,4.025,4.2875,0.05887663429198054,0.04809359420244003,1.8875,6.5625,0.05620202197072403,0.5725484271533787,1.3828936662524938,8.016138589382171,0.0949606432812288,0.21048144847154612
right,treat_ankle,0.5,3.7699999999999996,23.764356398582457,9.157571619749069,31.361367654800414,0.0,0.0,0.5956409569829703,39.33797287940979,5.714019206166268,25.086875629425048,6.830601092896125e-05,0.0,0.6728243686258792,29.53678330183029,13.738632065057754,40.73924355506897,0.01224991652864967,0.0,1.1789595887064934,10.849845969676972,13.281193804740905,38.162354826927185,0.0,11.762018758058549,0.6206986907869577,17.916971588134764,13.942803549766541,45.98528904914856,0.0,12.494321545958519,0.6370736319571734,27.618297624588013,13.187431299686432,45.517928171157834,0.01029049352229262,0.0,1.3367564491927624,5.930159604549408,1.6910192936658859,7.080604520440102,0.0,0.0,0.17845075428485865,7.092936998605728,2.6564524292945864,9.003487837314605,0.0,0.0,0.23190282527357337,0.07361005907878275,9.8125,1.0375,0.07580703143030401,0.06331801628693934,8.1125,2.5875,0.06676908712834115,1.519646269828081,3.0580486759543417,18.70669231414795,0.2934018095955252,0.2323426146060228
right,treat_ankle,0.7,3.56,47.00774221420288,13.647031033039093,48.7769597530365,8.620689655172375e-05,0.0,0.8910169877111912,80.41683354377747,9.856753498315811,71.8653376698494,0.0020764488655947086,0.0,1.1817758411169053,61.266681218147276,18.408354783058165,48.38356990814209,0.06262139062919653,0.0,1.8374097868800163,24.218795800209044,17.504400062561036,52.93677668571472,8.561643835616375e-05,17.047984451055527,0.8638343669474124,33.42073767185211,23.451777756214142,82.38936648368835,0.0006022673594709487,21.886536526679993,1.009968537837267,50.9579475402832,12.478733730316161,49.49532322883606,0.03176234021280579,0.0,1.650601078569889,16.672890862822534,2.007903232425451,15.148592448234558,0.0008591166745394414,0.0,0.4281344020739198,15.274979120492935,2.087274396419525,12.127844941616058,0.0,0.0,0.30101180821657175,0.11620218073949214,11.15,0.1,0.11672159545123573,0.09124940526671703,10.5625,0.2125,0.09209511582739646,5.827263181656599,6.697110983729362,38.996411526203154,0.5092468935996294,0.24178948365151878
right,treat_ankle,0.9,3.23027027027027,55.750421380996706,16.468436074256896,54.81178803443909,0.0007864652870493976,0.0,1.0515417650341987,97.24385328292847,14.670010566711426,101.42375912666321,0.00957859253030184,0.0,1.5004946149885654,78.34144787788391,19.846555638313294,49.95571365356445,0.1081111109537564,0.0,2.1954008504748344,30.309134602546692,19.544321537017822,56.65942535400391,0.00044642857142857125,19.570526045560836,0.9854517862200737,39.39113583564758,29.464528274536132,100.14470977783203,0.0026234350720767785,27.472274589538575,1.2365391626954079,57.31948595046997,10.97395276427269,49.72004384994507,0.032768936066683296,0.0,1.7232611566781997,21.64915235042572,3.238962669670582,20.77628711462021,0.0021334768103054677,0.0,0.6402576621621847,19.754664516448976,2.044704791903496,14.137127012014389,0.0,0.0,0.38211949951946733,0.1401324900798499,10.4,0.075,0.14052770165726539,0.10729059716686602,10.025,0.0875,0.10776262590661641,9.12506408393383,8.156922356784344,49.34030590057373,0.5853667682036757,0.3295320559293031
right,treat_hip,0.3,,10.505878138542176,4.570760270580649,13.007635867595672,0.0,0.0,0.2507911307038739,19.400915491580964,4.929256951808929,17.1169634103775,0.0,0.0,0.28287150021642443,13.38390691280365,13.335855162143707,30.28096470832825,0.000555555555555555,0.0,0.6805452016182244,9.191518491506576,4.728392954170704,14.1214534252882,0.0,0.0,0.25402546734549103,14.437795197963714,8.667676310241223,29.193476980924608,0.0,8.158515337109566,0.28054664332885293,16.639078176021577,11.889808332920074,29.038424170017244,0.0,10.874315033853055,0.6728188807144762,4.285833038389683,2.727816142141819,5.608133625984192,0.0,0.0,0.11594258812256153,5.934605546295643,2.671864704787731,7.964033911377191,0.0,0.0,0.15404741191305216,0.05140180413180318,1.8375,2.625,0.059697205979715645,0.05514816389135687,2.95,2.3875,0.06172774997303037,1.1447352711111307,1.8395292911678554,8.34488939344883,0.04317764661482211,0.25682236514985557
right,treat_hip,0.5,3.7625,33.45691431760788,10.605166614055634,36.48530166149139,0.0,0.0,0.6804438237100839,66.36899027824401,7.880393862724304,53.633721101284024,0.0006532567049808412,0.0,0.8819266963750124,52.78989136219025,18.703228747844697,47.04109423160553,0.041415996726631925,0.0,1.601732997596264,24.645796799659728,8.981277126073838,29.933717918395995,0.0,0.0,0.5730365984141826,35.43019720315933,22.19510668516159,79.66729459762573,0.0005989470931846575,25.594794547557832,0.8623754769563675,34.01390194892883,18.069261825084688,39.20725326538086,0.003127472147727909,22.27210291624069,1.2950407981872558,15.074328446388245,1.7882155403494835,10.158929947018624,0.0,0.0,0.2940684367902576,15.02165271639824,1.5362791277468204,9.986311286687851,0.0,0.0,0.26191178932785986,0.10262547302991147,8.325,0.5,0.10494714556261893,0.09985284330323334,8.0,0.125,0.10094533534720536,3.62799179404974,4.36946702376008,28.45475717782974,0.3738691862206906,0.25228359960019586
right,treat_hip,0.7,2.9466666666666668,39.53970110416412,14.129793787002564,43.42488827705383,0.0,0.0,0.8949373863637448,72.03329367637635,9.515481340885163,60.43762738704682,0.0012245820038968974,0.0,1.0881061427295209,63.249971103668216,19.432306396961213,48.99437017440796,0.07172074323289196,0.0,1.9299657121300697,31.514090299606323,11.943189597129821,34.804840970039365,0.0,0.0,0.7205757692456245,36.337096381187436,29.297038292884828,86.48674049377442,0.0008079841409152136,35.72736935615539,1.0228591330349446,36.05784842967987,19.165149116516112,40.18274064064026,0.0032150261039213326,23.256028366088866,1.3793237164616585,16.987336456775665,1.9373290568590165,11.721517205238342,0.00022875816993463998,0.0,0.35689113391563293,16.409291994571685,1.428181841224432,10.260641139745712,0.0,0.0,0.30893432106822727,0.12494683414697642,9.7375,0.1625,0.12639917135238643,0.11488062096759673,9.1,0.0375,0.11547153070569034,4.141508726775646,4.874522811174392,28.77076448202133,0.5851154426112771,0.1944902382791042
right,treat_hip,0.9,3.0366666666666666,40.717638564109805,16.355578899383545,45.91552617549896,0.0,0.0,1.0128521613776684,76.78709921836852,11.27896403670311,68.39019889831543,0.0005769734216617425,0.0,1.174761425703764,66.01970510482788,19.02391893863678,49.15219526290893,0.08086945003159052,0.0,2.055356627702713,35.01229567527771,13.821822488307953,37.68310692310333,0.0,0.0,0.8037889920175075,40.32584400177002,32.895037627220155,89.84679040908813,0.0,41.288353300094606,1.1125218637287617,34.806450271606444,18.99010498523712,39.61464114189148,0.003104893687428126,23.072145104408264,1.377763506025076,17.75347012281418,1.891590065509081,11.816604870557786,0.00035789315726290373,0.0,0.3619534540921449,16.887158489227296,1.442944174259901,10.950648951530457,0.0,0.0,0.3350059768185019,0.14088292056694623,10.125,0.125,0.14182057166472073,0.12231404641643162,9.575,0.0375,0.12264609616249796,3.7930559270083903,3.9023281268775465,26.73936105966568,0.7577673532068729,0.21763419024646277
right,treat_hip_ankle,0.3,,9.901304709911347,7.588499528169632,17.85288804769516,0.0,0.0,0.47685813494026663,20.400746560096742,5.482331171631813,19.06682825088501,0.0,0.0,0.42564778700470923,13.555032992362976,12.33308058977127,35.314402198791505,0.0,0.0,0.9937236689031124,6.90650749206543,7.526056879758835,16.533753395080566,0.0,0.0,0.41557494550943375,8.930603003501892,10.185681301355363,28.548042464256287,0.0,10.215654122829438,0.4731668073683977,11.248996090888976,11.3237948179245,34.94368121623993,0.0,0.0,0.8936503373086453,3.3209724977612494,2.435837970674038,6.238491207361221,0.0,0.0,0.1577913685701787,4.736378069221973,3.2576100885868073,7.899988988041878,0.0,0.0,0.22079436592757698,0.05690261744894083,9.1125,1.55,0.05834080594815781,0.052875840710476,7.2375,3.3875,0.05494937328621741,0.36548460144549605,0.4444666838273406,3.165796975791454,0.20339520322158927,0.09660480879247184
right,treat_hip_ankle,0.5,,17.947409212589264,10.96017940044403,26.084058856964113,0.0,0.0,0.7037947967648506,31.86410508155823,6.350753444433212,20.499085462093355,0.0,0.0,0.6442168325185775,22.867300665378572,13.701685106754303,40.485335898399356,0.00027777777777777626,0.0,1.2551534928381443,12.831456351280213,11.136159873008728,24.984886002540588,0.0,0.0,0.5901118770241738,14.774679183959961,16.221011567115784,47.76549062728882,0.0,17.73319939374924,0.7291219584643841,18.75482655763626,13.08832266330719,41.79151701927185,0.008444444444444438,0.0,1.1403134524822236,3.8335430681705476,1.5955120012164117,5.264665600657463,0.0,0.0,0.1432846017181873,5.370143890380859,2.635270169377327,7.89228692650795,0.0,0.0,0.21259040161967274,0.08134631486609574,10.6125,0.025,0.08144132178276772,0.06966762281954283,10.4,0.0125,0.06967495563440021,0.5607584781944752,1.0046384431421758,5.022744701802731,0.44439445734024047,0.09110593050718303
right,treat_hip_ankle,0.7,,27.229349637031554,14.624467885494232,34.54878914356232,0.0,0.0,0.9156971879303455,41.12338290214539,7.900797551870346,25.144462990760804,0.0,0.0,0.7953754879534245,33.38964960575104,16.122164177894593,44.58290481567383,0.013055555555555539,0.0,1.548662069439888,20.149946022033692,14.531820499897004,31.668066000938417,0.0,0.0,0.7561002053320408,20.496858191490173,22.047991228103637,64.9492639541626,0.0,25.65690667629242,0.9097106710076333,25.284331679344177,14.043716382980346,46.269289875030516,0.023166666666666648,0.0,1.3399282082915307,5.005429187417031,1.123203993588686,4.285291448235512,0.0,0.0,0.13390502287074918,6.571198123693466,2.258569087833166,8.77253155708313,0.0,0.0,0.22491703294217583,0.10664413636550303,11.2,0.0,0.10664413636550303,0.086390767712146,10.9875,0.0,0.086390767712146,0.8483970843255519,1.8275416277348995,8.672412657737732,0.7023961134254932,0.10647938624024386
right,treat_hip_ankle,0.9,,34.36824660301208,17.546270346641542,40.63714854717254,0.0,0.0,1.0844656839966773,49.10785734653473,9.320213580131531,33.44189052581787,0.0,0.0,0.9339628174901009,43.38645136356354,17.11463506221771,47.22875609397888,0.04438888888888887,0.0,1.7849173069000244,27.4668909072876,17.260748088359833,38.49283170700073,0.0,0.0,0.886664142459631,25.78972432613373,27.065496468544005,76.91554818153381,0.0,31.903739905357362,1.0800636440515519,30.561023020744322,14.024146556854248,48.36701402664185,0.030944444444444413,0.0,1.4469665974378585,7.4714203625917435,0.9883378557860851,4.513013395667076,0.0,0.0,0.14731242749840018,8.591193515062333,2.040672466158867,9.519952642917634,0.0,0.0,0.2470350224524736,0.1303054444491863,11.575,0.0,0.1303054444491863,0.10144464820623393,11.2375,0.0,0.10144464820623393,1.445508099347353,2.160811825841665,10.277073276042938,0.9929342105984688,0.14525265544652935
right,treat_hip_knee,0.3,,10.202653914690018,3.407028853148222,9.645342408120632,0.0,0.0,0.21557987057603892,17.840262627601625,6.91533545255661,23.04680951833725,0.0,0.0,0.3279248617589473,13.207036173343658,11.115274620056152,29.83447276353836,0.0,0.0,0.6901084370911121,11.842979770898818,4.353498774766922,13.496991547942162,0.0,0.0,0.27230423986911767,25.80669708251953,3.7263801619410515,14.53832612335682,0.0,0.0,0.33387438072822984,15.526037979125977,10.279545891284943,29.919420236349104,0.0,11.48298609405756,0.7422057094052434,4.454798066616059,2.920684313774109,6.307920441031456,0.0,0.0,0.13365091679152097,5.953957340121269,2.8939494758844377,8.387407976388932,0.0,0.0,0.17729484224691983,0.051244724894294824,2.8375,3.0625,0.058257375681211025,0.05650205184499934,4.925,2.575,0.06289659807799564,0.8682550041005015,1.2631790332496167,5.576620545983315,0.05073573148110877,0.24926428142935034
right,treat_hip_knee,0.5,3.6357142857142857,23.175790309906006,6.68512307703495,24.206237542629243,0.00033231761172937624,0.0,0.46563011929392817,46.67832450866699,7.524655836820602,32.79350242614746,0.0,0.0,0.7634830839931965,37.952993631362915,14.410058045387268,42.08110995292664,0.011413764298164954,0.0,1.3152027532458306,26.785985362529754,6.5938521951436995,25.596851539611816,0.0005149563066135,0.0,0.5785693276673556,60.18680391311646,7.071384626626968,32.42264029979706,0.0,0.0,0.8292725343257189,30.541705465316774,18.27708570957184,39.51907134056091,0.012392750247489868,21.09283936023712,1.5317497678101062,8.247442319989204,1.859592192620039,7.799752217531204,0.0,0.0,0.20235145287588235,10.03455272614956,1.6326499372720717,8.666976296901703,0.0,0.0,0.22586954468861217,0.09914438156411047,7.9375,0.3625,0.10073701767250891,0.10905039291828866,8.325,0.1375,0.10999344885349269,2.166085433214903,3.0182281844317913,18.177700579166412,0.3723391923122108,0.22063688412308688
right,treat_hip_knee,0.7,3.3726315789473684,29.43960130214691,8.653202348947525,30.61060199737549,0.0,0.0,0.6177111439406872,59.897245693206784,9.161016857624054,38.68623421192169,0.0,0.0,0.9893764302134513,48.07077820301056,14.45008236169815,45.11472897529602,0.01974654302983006,0.0,1.4796913877129554,33.50904245376587,8.551235127449036,33.3785776257515,0.0005974219495963638,0.0,0.7261642929166555,69.38121085166931,8.355361843109131,38.16268219947815,6.578947368421001e-05,0.0,0.9959873341023922,35.07578129768372,19.819905960559844,41.41903309822082,0.01797416561769484,19.048822426795958,1.8162645988166333,9.826755163073539,1.8671409912407397,8.105350542068482,0.0,0.0,0.22540358956903214,11.116703867912292,1.4738299816846847,8.792333216965199,0.0,0.0,0.22969314139336344,0.1259832156822085,8.7875,0.1,0.1267646846361458,0.12870820518583054,8.725,0.0,0.12870820518583054,2.092224720865488,3.672346190363169,21.677270910143854,0.6284394707530737,0.21543528772890563
right,treat_hip_knee,0.9,3.2511111111111113,31.544670033454896,9.728522658348083,28.92420890331268,0.0,0.0,0.6402094319462777,59.028622484207155,10.690875917673111,35.8429217338562,0.0,0.0,1.0579757817089557,44.07864563465118,13.020312654972077,45.532773447036746,0.009215905430519648,0.0,1.3947536811232566,35.00607278347015,9.499789333343506,29.776524782180786,0.0005860071301247762,0.0,0.7324489504098892,65.43315949440003,8.01862912774086,33.85896904468537,0.0,0.0,1.0237482011318206,32.50534760951996,18.388529300689697,39.697815132141116,0.0067856951640107134,17.614763259887695,1.6749076440930366,8.54386470913887,1.8113458290696145,7.8372324168682095,0.0,0.0,0.2119404206052422,9.797123986482621,1.4811615835875274,8.263059410452843,0.0,0.0,0.20275070676580068,0.13593161385506386,9.0625,0.1125,0.13694891398772593,0.1353735346347093,9.0,0.0125,0.13547071702778335,1.5467601031064988,2.318916704505682,13.163268107175828,0.7309897474944591,0.21774912849068637
right,treat_knee,0.3,,17.81306484937668,5.60250322073698,18.49536009132862,0.0,0.0,0.2828043112531304,21.592951893806458,8.354745072126388,29.59156342148781,0.0,0.0,0.3968038321938365,16.16165165901184,10.202714085578918,30.071296072006227,0.0016666666666666648,0.0,0.700294534303248,13.849343520402908,8.600249335169792,24.441611409187317,0.0,6.240875444561243,0.24620422539301212,24.459241890907286,4.973581302165985,16.256837126612663,0.0,0.0,0.36348579120822244,15.546178632974625,12.712204760313034,28.566958093643187,0.00011111111111111,10.97216484323144,0.6183401543181389,5.16217645034194,2.9481759697198866,6.316835364699363,0.0,0.0,0.12271528475685041,6.121138970553875,2.7712608406320216,7.646430485695601,0.0,0.0,0.13563136395532632,0.05712528323056172,2.3625,2.3875,0.06628746308129406,0.0637190315816829,3.225,1.9375,0.07788192323512497,0.9860104402061551,3.3440120473504065,13.954103925824166,0.006374347407836439,0.293625664897263
right,treat_knee,0.5,4.02,29.35947449207306,8.24601399898529,26.982406115531923,0.0,0.0,0.47080699615180494,45.57529268264771,9.48835072517395,40.90612080097198,0.0,0.0,0.7422022741287947,31.930646896362305,12.683784866333008,42.753173637390134,0.007130962107677975,0.0,1.246719128638506,19.388942551612853,11.941163432598113,42.44876770973205,7.183908045976999e-05,10.359597843885421,0.5045053970068694,46.702047157287595,5.226753783226013,23.919021344184877,0.0,0.0,0.6371900700032711,27.978263306617738,16.296802866458894,38.76669569015503,0.0035287512878727735,20.43237496614456,1.2603065580129624,7.489193999767304,1.9842053107917308,6.928156948089599,0.0,0.0,0.18440617304295298,8.69866693019867,1.5582523934543133,7.823206800222397,0.0,0.0,0.16789523931220168,0.08046576860360796,6.5,1.775,0.08810883201658722,0.09357652449980373,7.4125,0.5125,0.0963874595239758,1.9707611180841922,4.202325093746185,23.860782706737517,0.17112023181980474,0.33273036889731883
right,treat_knee,0.7,3.4883333333333333,41.918792963027954,10.853017878532409,36.98358514308929,0.00019011681702521248,0.0,0.6810420636087656,72.97426881790162,10.533200484514236,52.60495772361755,0.0,0.0,1.1445593617856502,51.44022161960602,16.13284159898758,48.153261518478395,0.04759403807995616,0.0,1.6566835775971414,26.90802044868469,14.780498695373534,56.64925842285156,0.0,12.619736933708191,0.8035523749887943,67.37982597351075,6.64291542172432,33.79986088275909,0.0,0.0,0.9355039849877358,40.42113034725189,20.00941025018692,43.13951559066773,0.01162783591400267,20.06684775352478,1.7743971794843674,13.148077788949013,1.8058041691780091,8.145499968528748,0.0,0.0,0.237586442194879,12.495899659395217,1.0213131353259086,6.784566342830658,0.0,0.0,0.1909586423076689,0.12404432734474535,8.7875,0.425,0.12645184928551312,0.12591597465798254,8.5625,0.0625,0.1266304609365761,2.6983422890305517,6.4496999233961105,37.9508047580719,0.4840508081018925,0.2474009111523628
right,treat_knee,0.9,3.515,41.64101331233978,11.058588480949402,34.97059352397919,0.00044401148482362505,0.0,0.74680749848485,77.70112447738647,11.163727724552155,52.4267897605896,0.0,0.0,1.2555803902447225,54.33116672039032,16.58917901515961,49.04939184188843,0.059187478156419816,0.0,1.744654579460621,25.78257316350937,16.556691122055053,61.59545497894287,0.0,13.77758647799492,0.932394028455019,70.25893578529357,7.08369550704956,35.91290678977966,0.0,0.0,0.9834822721779346,40.49482153654098,20.55482178926468,43.48668413162231,0.01048567199642327,18.69981187582016,1.9116797402501107,13.242772156000138,1.7262953899800777,8.215639171004295,0.0,0.0,0.23636297220364208,12.184101951122283,0.836838548257947,5.899758899211884,0.0,0.0,0.18497150316834446,0.14557087942957875,9.2,0.225,0.1476469197310507,0.1366812005639076,9.0375,0.0,0.1366812005639076,2.471837578713894,5.6810165524482725,37.169555926322936,0.6599819857627154,0.25554736405611034
right,treat_knee_ankle,0.3,,9.717560803890228,4.482667988538742,11.492180547118187,0.0,0.0,0.2750106029445305,13.715798544883729,8.942610993981361,25.462822711467744,0.0,0.0,0.38371044257655734,11.13013278245926,7.473913618922234,26.50320394039154,0.0,0.0,0.5832253814674914,5.17525286078453,7.07311005294323,19.164456993341446,0.0,5.746322689950466,0.32862181880045677,12.215335702896118,6.037337705492973,19.945971122384073,0.0,0.0,0.29286624793894583,9.100418162345886,13.560397207736969,32.09690845012665,0.0,0.0,0.8124923025257885,3.522436586767435,3.0773485139012338,7.028793078660965,0.0,0.0,0.15632844783831384,4.92263529598713,3.300748908519745,7.257203629612922,0.0,0.0,0.16841656800825147,0.049615938318510536,3.875,5.15,0.054920781666124324,0.050345652723965545,4.8875,4.3125,0.053779850111288136,0.2871111152693629,1.0066181041300297,4.1006873697042465,0.09789163225796069,0.20210837963968512
right,treat_knee_ankle,0.5,,17.96188883781433,5.238797676563263,12.737043344974518,0.0,0.0,0.39544209800660607,25.26588010787964,10.773228120803832,30.99313473701477,0.0,0.0,0.7032137282192708,19.180676066875456,5.8731700628995895,30.90148663520813,0.0,0.0,0.7078670240938664,9.10938228368759,11.54174542427063,28.915539026260376,0.0,10.66155269742012,0.5368890549987555,22.563017702102663,6.841214841604232,23.648959493637086,0.0,0.0,0.5445686474442482,18.40031954050064,14.346097898483276,39.58505229949951,0.0,0.0,1.1954154178500176,3.9222146689891817,2.4648279204964636,7.300916600227356,0.0,0.0,0.1845552403479814,4.865675839781761,2.635539348423481,7.337179046869278,0.0,0.0,0.18994072908535597,0.06699157371185716,10.825,0.275,0.06753189917653794,0.06775141176767643,10.775,0.2,0.06813819268718357,0.3785057935863733,1.2795527480542659,7.544095456600189,0.2767797412350773,0.22322025857865807
right,treat_knee_ankle,0.7,,26.936638593673706,6.372075510025025,15.893881452083587,0.0,0.0,0.49565519727766516,34.6399462223053,11.030876439809798,32.69152436256409,0.0,0.0,0.8870986141264439,24.377338647842407,7.441956245899201,37.186058568954465,5.5555555555555e-05,0.0,0.9150445185601711,14.797788739204407,14.091750597953796,36.29153802394867,0.0,13.386289513111114,0.6625747561454773,29.50837173461914,6.625411713123322,23.8739634513855,0.0,0.0,0.688463369756937,23.97437689304352,14.699755156040192,42.667446327209475,0.0,0.0,1.361269621551037,4.484646570682526,2.106605273485184,6.781017732620239,0.0,0.0,0.16698400676250452,4.9993671387434,2.074684290587902,7.008741843700409,0.0,0.0,0.17027856903150673,0.08452573530375954,11.0,0.025,0.08461408866569395,0.08646182511001821,10.775,0.0125,0.0865065385587513,0.4086736550554633,2.1947377741336824,11.407786166667938,0.42494517341256144,0.2750548146665096
right,treat_knee_ankle,0.9,,33.22232313156128,7.4653945684432985,18.45174378156662,0.0,0.0,0.5905449580401182,42.17847733497619,11.535251832008361,34.78898105621338,0.0,0.0,1.0299330681562424,26.421298766136168,9.160211449861526,41.631605172157286,0.0,0.0,1.090227846056223,18.42877162694931,16.350673282146452,42.6246077299118,0.0,15.370178186893463,0.7913318805396556,35.82860150337219,7.310733956098557,26.83548183441162,0.0,0.0,0.8269261330366134,29.53642749786377,14.578260588645936,44.721796894073485,0.0004444444444444412,0.0,1.4824327796697616,5.195650452375412,1.784489096701145,6.603683191537857,0.0,0.0,0.15602118512615556,5.490793836116791,1.6052368573844433,6.547595193982124,0.0,0.0,0.15948409764096136,0.10323993172496553,10.9125,0.0375,0.1034479844383895,0.10726133165881033,10.8125,0.0125,0.10733675397932525,0.4637737710028887,2.6018167838454245,13.056160968542098,0.5840967945754528,0.31590318158268926
