side,target,damping_scale,speed,mean,std
left,ankle_pitch,1,0.3,0.0,0.0
left,ankle_pitch,1,0.5,0.0,0.0
left,ankle_pitch,1,0.7,0.0,0.0
left,ankle_pitch,1,0.9,0.0,0.0
left,ankle_pitch,10,0.3,0.0,0.0
left,ankle_pitch,10,0.5,0.0,0.0
left,ankle_pitch,10,0.7,0.0,0.0
left,ankle_pitch,10,0.9,0.0125,0.03535533905932738
left,ankle_pitch,100,0.3,0.0125,0.03535533905932738
left,ankle_pitch,100,0.5,0.0,0.0
left,ankle_pitch,100,0.7,0.037500000000000006,0.05175491695067657
left,ankle_pitch,100,0.9,0.0625,0.09161253813129044
left,ankle_pitch,500,0.3,0.0625,0.0744023809142845
left,ankle_pitch,500,0.5,0.1125,0.09910312089651149
left,ankle_pitch,500,0.7,0.2625,0.29246489410818916
left,ankle_pitch,500,0.9,0.4125,0.33139316313320133
left,ankle_pitch,1000,0.3,0.0875,0.11259916264596036
left,ankle_pitch,1000,0.5,0.2,0.19272482233188631
left,ankle_pitch,1000,0.7,0.375,0.3412163117856053
left,ankle_pitch,1000,0.9,0.5,0.3703280399090206
left,ankle_pitch,2000,0.3,0.17500000000000002,0.17525491637693283
left,ankle_pitch,2000,0.5,0.2375,0.19226098333849673
left,ankle_pitch,2000,0.7,0.375,0.291547594742265
left,ankle_pitch,2000,0.9,0.55,0.43424811867344754
left,ankle_pitch,5000,0.3,0.1875,0.14577379737113252
left,ankle_pitch,5000,0.5,0.225,0.2052872551885702
left,ankle_pitch,5000,0.7,0.4125,0.3522884370187913
left,ankle_pitch,5000,0.9,0.5375,0.3662064211031026
left,ankle_pitch,10000,0.3,0.175,0.16690459207925604
left,ankle_pitch,10000,0.5,0.2625,0.23260942125619685
left,ankle_pitch,10000,0.7,0.45,0.3779644730092272
left,ankle_pitch,10000,0.9,0.5875,0.38706773124535787
left,equinovarus,1,0.3,0.0,0.0
left,equinovarus,1,0.5,0.0,0.0
left,equinovarus,1,0.7,0.0,0.0
left,equinovarus,1,0.9,0.0,0.0
left,equinovarus,10,0.3,0.0,0.0
left,equinovarus,10,0.5,0.0,0.0
left,equinovarus,10,0.7,0.0,0.0
left,equinovarus,10,0.9,0.0,0.0
left,equinovarus,100,0.3,0.0,0.0
left,equinovarus,100,0.5,0.025,0.04629100498862758
left,equinovarus,100,0.7,0.05,0.07559289460184546
left,equinovarus,100,0.9,0.0875,0.11259916264596034
left,equinovarus,500,0.3,0.0625,0.10606601717798213
left,equinovarus,500,0.5,0.1625,0.15979898086569355
left,equinovarus,500,0.7,0.25,0.29760952365713794
left,equinovarus,500,0.9,0.4875,0.36815175442433284
left,equinovarus,1000,0.3,0.05,0.07559289460184546
left,equinovarus,1000,0.5,0.225,0.23754698783308414
left,equinovarus,1000,0.7,0.35,0.30237157840738177
left,equinovarus,1000,0.9,0.575,0.37321001364608947
left,equinovarus,2000,0.3,0.08750000000000001,0.09910312089651149
left,equinovarus,2000,0.5,0.2625,0.2825268634509444
left,equinovarus,2000,0.7,0.33749999999999997,0.2924648941081891
left,equinovarus,2000,0.9,0.55,0.35456210417116735
left,equinovarus,5000,0.3,0.1,0.11952286093343938
left,equinovarus,5000,0.5,0.3,0.282842712474619
left,equinovarus,5000,0.7,0.3875,0.36815175442433284
left,equinovarus,5000,0.9,0.6125,0.38335921237696335
left,equinovarus,10000,0.3,0.1,0.1414213562373095
left,equinovarus,10000,0.5,0.3125,0.26423744732991306
left,equinovarus,10000,0.7,0.4125,0.33567628964311946
left,equinovarus,10000,0.9,0.5875,0.3720119045714225
left,hip_pitch,1,0.3,0.0,0.0
left,hip_pitch,1,0.5,0.0,0.0
left,hip_pitch,1,0.7,0.0,0.0
left,hip_pitch,1,0.9,0.0,0.0
left,hip_pitch,10,0.3,0.0,0.0
left,hip_pitch,10,0.5,0.0,0.0
left,hip_pitch,10,0.7,0.0,0.0
left,hip_pitch,10,0.9,0.0,0.0
left,hip_pitch,100,0.3,0.0,0.0
left,hip_pitch,100,0.5,0.0,0.0
left,hip_pitch,100,0.7,0.0,0.0
left,hip_pitch,100,0.9,0.0,0.0
left,hip_pitch,500,0.3,0.0,0.0
left,hip_pitch,500,0.5,0.0,0.0
left,hip_pitch,500,0.7,0.0,0.0
left,hip_pitch,500,0.9,0.0,0.0
left,hip_pitch,1000,0.3,0.0,0.0
left,hip_pitch,1000,0.5,0.0,0.0
left,hip_pitch,1000,0.7,0.0,0.0
left,hip_pitch,1000,0.9,0.0,0.0
left,hip_pitch,2000,0.3,0.0,0.0
left,hip_pitch,2000,0.5,0.0,0.0
left,hip_pitch,2000,0.7,0.0,0.0
left,hip_pitch,2000,0.9,0.0,0.0
left,hip_pitch,5000,0.3,0.0,0.0
left,hip_pitch,5000,0.5,0.0,0.0
left,hip_pitch,5000,0.7,0.0,0.0
left,hip_pitch,5000,0.9,0.0,0.0
left,hip_pitch,10000,0.3,0.0,0.0
left,hip_pitch,10000,0.5,0.0,0.0
left,hip_pitch,10000,0.7,0.0,0.0
left,hip_pitch,10000,0.9,0.0,0.0
left,knee,1,0.3,0.0,0.0
left,knee,1,0.5,0.0,0.0
left,knee,1,0.7,0.0,0.0
left,knee,1,0.9,0.0,0.0
left,knee,10,0.3,0.0,0.0
left,knee,10,0.5,0.0,0.0
left,knee,10,0.7,0.0,0.0
left,knee,10,0.9,0.0,0.0
left,knee,100,0.3,0.0,0.0
left,knee,100,0.5,0.0,0.0
left,knee,100,0.7,0.0,0.0
left,knee,100,0.9,0.0,0.0
left,knee,500,0.3,0.0,0.0
left,knee,500,0.5,0.0,0.0
left,knee,500,0.7,0.0,0.0
left,knee,500,0.9,0.0,0.0
left,knee,1000,0.3,0.0,0.0
left,knee,1000,0.5,0.0,0.0
left,knee,1000,0.7,0.0,0.0
left,knee,1000,0.9,0.0,0.0
left,knee,2000,0.3,0.0,0.0
left,knee,2000,0.5,0.0,0.0
left,knee,2000,0.7,0.0,0.0
left,knee,2000,0.9,0.0,0.0
left,knee,5000,0.3,0.0,0.0
left,knee,5000,0.5,0.0,0.0
left,knee,5000,0.7,0.0,0.0
left,knee,5000,0.9,0.0,0.0
left,knee,10000,0.3,0.0,0.0
left,knee,10000,0.5,0.0,0.0
left,knee,10000,0.7,0.0,0.0
left,knee,10000,0.9,0.0,0.0
right,ankle_pitch,1,0.3,0.0,0.0
right,ankle_pitch,1,0.5,0.0,0.0
right,ankle_pitch,1,0.7,0.0,0.0
right,ankle_pitch,1,0.9,0.0,0.0
right,ankle_pitch,10,0.3,0.0125,0.035355339059327376
right,ankle_pitch,10,0.5,0.0,0.0
right,ankle_pitch,10,0.7,0.0125,0.03535533905932738
right,ankle_pitch,10,0.9,0.0,0.0
right,ankle_pitch,100,0.3,0.0,0.0
right,ankle_pitch,100,0.5,0.075,0.1164964745021435
right,ankle_pitch,100,0.7,0.1125,0.1246423454758225
right,ankle_pitch,100,0.9,0.1125,0.1246423454758225
right,ankle_pitch,500,0.3,0.1,0.11952286093343938
right,ankle_pitch,500,0.5,0.35,0.26186146828319085
right,ankle_pitch,500,0.7,0.3125,0.21671244937540093
right,ankle_pitch,500,0.9,0.5375,0.2669269563007828
right,ankle_pitch,1000,0.3,0.125,0.13887301496588272
right,ankle_pitch,1000,0.5,0.425,0.2712405363721075
right,ankle_pitch,1000,0.7,0.48750000000000004,0.2799872446074234
right,ankle_pitch,1000,0.9,0.5875,0.32705394924123105
right,ankle_pitch,2000,0.3,0.2,0.1851640199545103
right,ankle_pitch,2000,0.5,0.5375,0.29730936268953445
right,ankle_pitch,2000,0.7,0.55,0.34641016151377546
right,ankle_pitch,2000,0.9,0.7,0.3380617018914066
right,ankle_pitch,5000,0.3,0.2375,0.20658792662827957
right,ankle_pitch,5000,0.5,0.525,0.28660575211055545
right,ankle_pitch,5000,0.7,0.6375000000000001,0.337797487937881
right,ankle_pitch,5000,0.9,0.75,0.3625307868699863
right,ankle_pitch,10000,0.3,0.2,0.1690308509457033
right,ankle_pitch,10000,0.5,0.575,0.33273756282434613
right,ankle_pitch,10000,0.7,0.65,0.34226138716316973
right,ankle_pitch,10000,0.9,0.7875,0.3090885217631258
right,equinovarus,1,0.3,0.0,0.0
right,equinovarus,1,0.5,0.0,0.0
right,equinovarus,1,0.7,0.0,0.0
right,equinovarus,1,0.9,0.0,0.0
right,equinovarus,10,0.3,0.0,0.0
right,equinovarus,10,0.5,0.0,0.0
right,equinovarus,10,0.7,0.0125,0.03535533905932738
right,equinovarus,10,0.9,0.0,0.0
right,equinovarus,100,0.3,0.0125,0.03535533905932738
right,equinovarus,100,0.5,0.037500000000000006,0.05175491695067657
right,equinovarus,100,0.7,0.15,0.1414213562373095
right,equinovarus,100,0.9,0.15,0.1690308509457033
right,equinovarus,500,0.3,0.08750000000000001,0.14577379737113252
right,equinovarus,500,0.5,0.325,0.19086270308410552
right,equinovarus,500,0.7,0.3875,0.26423744732991306
right,equinovarus,500,0.9,0.4875,0.26958963523950885
right,equinovarus,1000,0.3,0.125,0.14880476182856897
right,equinovarus,1000,0.5,0.4,0.2
right,equinovarus,1000,0.7,0.5,0.2927700218845599
right,equinovarus,1000,0.9,0.625,0.3105295017040594
right,equinovarus,2000,0.3,0.15,0.17728105208558365
right,equinovarus,2000,0.5,0.375,0.24348657927227588
right,equinovarus,2000,0.7,0.5625,0.3292307050426147
right,equinovarus,2000,0.9,0.675,0.31959796173138705
right,equinovarus,5000,0.3,0.225,0.16690459207925604
right,equinovarus,5000,0.5,0.4625,0.23260942125619688
right,equinovarus,5000,0.7,0.6375,0.30676887530703445
right,equinovarus,5000,0.9,0.6875,0.3226563851175781
right,equinovarus,10000,0.3,0.2,0.16903085094570333
right,equinovarus,10000,0.5,0.5125,0.22951812875799468
right,equinovarus,10000,0.7,0.65,0.3338091841585121
right,equinovarus,10000,0.9,0.7,0.32071349029490925
right,hip_pitch,1,0.3,0.0,0.0
right,hip_pitch,1,0.5,0.0,0.0
right,hip_pitch,1,0.7,0.0,0.0
right,hip_pitch,1,0.9,0.0,0.0
right,hip_pitch,10,0.3,0.0,0.0
right,hip_pitch,10,0.5,0.0,0.0
right,hip_pitch,10,0.7,0.0,0.0
right,hip_pitch,10,0.9,0.0,0.0
right,hip_pitch,100,0.3,0.0,0.0
right,hip_pitch,100,0.5,0.0,0.0
right,hip_pitch,100,0.7,0.0,0.0
right,hip_pitch,100,0.9,0.0,0.0
right,hip_pitch,500,0.3,0.0,0.0
right,hip_pitch,500,0.5,0.0,0.0
right,hip_pitch,500,0.7,0.0,0.0
right,hip_pitch,500,0.9,0.0,0.0
right,hip_pitch,1000,0.3,0.0,0.0
right,hip_pitch,1000,0.5,0.0,0.0
right,hip_pitch,1000,0.7,0.0,0.0
right,hip_pitch,1000,0.9,0.0,0.0
right,hip_pitch,2000,0.3,0.0,0.0
right,hip_pitch,2000,0.5,0.0,0.0
right,hip_pitch,2000,0.7,0.0,0.0
right,hip_pitch,2000,0.9,0.0,0.0
right,hip_pitch,5000,0.3,0.0,0.0
right,hip_pitch,5000,0.5,0.0,0.0
right,hip_pitch,5000,0.7,0.0,0.0
right,hip_pitch,5000,0.9,0.0,0.0
right,hip_pitch,10000,0.3,0.0,0.0
right,hip_pitch,10000,0.5,0.0,0.0
right,hip_pitch,10000,0.7,0.0,0.0
right,hip_pitch,10000,0.9,0.0,0.0
right,knee,1,0.3,0.0,0.0
right,knee,1,0.5,0.0,0.0
right,knee,1,0.7,0.0,0.0
right,knee,1,0.9,0.0,0.0
right,knee,10,0.3,0.0,0.0
right,knee,10,0.5,0.0,0.0
right,knee,10,0.7,0.0,0.0
right,knee,10,0.9,0.0,0.0
right,knee,100,0.3,0.0,0.0
right,knee,100,0.5,0.0,0.0
right,knee,100,0.7,0.0125,0.03535533905932738
right,knee,100,0.9,0.1,0.19272482233188631
right,knee,500,0.3,0.0,0.0
right,knee,500,0.5,0.037500000000000006,0.0744023809142845
right,knee,500,0.7,0.07500000000000001,0.148804761828569
right,knee,500,0.9,0.1875,0.37201190457142247
right,knee,1000,0.3,0.0,0.0
right,knee,1000,0.5,0.037500000000000006,0.0744023809142845
right,knee,1000,0.7,0.11249999999999999,0.2232071427428535
right,knee,1000,0.9,0.21250000000000002,0.37961446607992017
right,knee,2000,0.3,0.0,0.0
right,knee,2000,0.5,0.037500000000000006,0.0744023809142845
right,knee,2000,0.7,0.125,0.23754698783308414
right,knee,2000,0.9,0.1875,0.37201190457142247
right,knee,5000,0.3,0.0,0.0
right,knee,5000,0.5,0.037500000000000006,0.0744023809142845
right,knee,5000,0.7,0.125,0.2549509756796392
right,knee,5000,0.9,0.2,0.38544964466377263
right,knee,10000,0.3,0.0,0.0
right,knee,10000,0.5,0.037500000000000006,0.0744023809142845
right,knee,10000,0.7,0.125,0.2549509756796392
right,knee,10000,0.9,0.2,0.38544964466377263
