side,condition,romH_mean,romH_sd,romK_mean,romK_sd,romA_mean,romA_sd,satA_mean,satA_sd,satH_mean,satH_sd,satK_mean,satK_sd,tauA_mean,tauA_sd,roll_mean,roll_sd,pitch_mean,pitch_sd,vx_mean,vx_sd,ttf_mean,ttf_sd,pf_mean,pf_sd
right,no_treatment,0.07263503074645991,0.04383293007818166,0.06763720512390134,0.008104889554864853,34.656327342987055,9.374376093037602,0.612225541199501,0.20704619611877448,0.0003100253996712975,0.0008768842497905763,0.0,0.0,36.337519955635074,7.296289568683265,3.570138404890895,1.2154906701243464,11.545572143048048,3.5979634764974695,0.4663965178653598,0.14364539131607915,2.8207529761904757,0.3207643163905567,0.7375,0.26152028055746873
right,treat_hip,28.778039458062914,4.360898320666721,0.07563548617892792,0.012893748608621436,41.705964157316416,7.450856227576068,0.8116053358792283,0.10154049215150476,0.0,0.0,0.0,0.0,43.177002807458244,3.965272756351906,10.612511573731899,2.2252338649720973,13.163035394830835,2.628027080844217,0.692212732651064,0.16505479739489004,2.415928571428571,0.4463663662784264,0.8875,0.1552647508520297
right,treat_knee,0.1943127393722534,0.24116596476812124,121.23712837696075,11.326526787398036,65.22133712768554,3.7892121832986176,0.5651160771324435,0.0754326320947644,0.0012048034113582877,0.0018371641449635957,0.0,0.0,34.224294817447664,2.7878018896345855,10.62943442836404,1.4156112289580833,12.780179095268249,1.5440795545559263,0.6550503626465798,0.073669109535439,2.5950555555555557,0.3200867331753225,0.9875,0.03535533905932737
right,treat_ankle,0.05614691972732539,0.014741435008579643,0.0973439216613769,0.02398000661036994,52.6546713590622,19.642064426538013,0.07316052524616674,0.020885838078047607,0.0,0.0,0.0,0.0,14.20161267518997,0.7505932983536708,6.837856321781874,4.2952795971596816,6.359426315128803,2.634710722888616,0.4100891002919525,0.09838181985844895,4.0447500000000005,0.6013126613224326,0.2625,0.3583194903195431
right,treat_hip_knee,32.34887756109238,7.290223869752893,93.53530294895171,29.94534885379518,39.38204159736633,17.46343506869359,0.4822619428077184,0.20581055114197344,0.0008348695405558686,0.002136158541633111,0.00030487804878048753,0.0005645244510808236,30.19320989847183,8.621293914449561,6.802531151846051,3.6805748653261734,8.438013457506896,4.0713080823403205,0.6715475931763649,0.08607230235671146,2.8460952380952382,0.6450801188909482,0.5625,0.3335416016031583
right,treat_hip_ankle,16.572013890743257,3.3778808712703663,0.07235693931579586,0.03460108941762641,24.631508064270022,10.646455878508508,0.030985141000806057,0.0371563703693119,0.0,0.0,0.0,0.0,12.845486509799958,1.5937212889431236,1.8578943800181151,1.4613363133273558,2.018338468670845,1.3274800266148126,0.520964914187789,0.17636328165834442,4.710000000000001,0.3252691193458118,0.037500000000000006,0.0744023809142845
right,treat_knee_ankle,0.03997648954391475,0.006350747293162183,24.322524857521053,3.218377907925371,16.0277260184288,2.883594707139223,0.0,0.0,0.0,0.0,0.0,0.0,16.99100284576416,0.7921618732385705,0.3441191460937262,0.09668310779565677,1.5942113801836968,0.27427307892013314,0.34946867413818833,0.031715060493982546,,,0.0,0.0
right,treat_all,16.91497098207474,1.077444154801487,31.03859281539917,1.0989997451304085,22.570992708206177,1.2093174355726535,0.0,0.0,0.0,0.0,0.0,0.0,9.600851589441298,1.0007141503419232,0.2891511227935552,0.0534062577452409,0.4382383080199361,0.1796530655284292,0.4285029571503401,0.012048515362384793,,,0.0,0.0
left,no_treatment,0.2131505131721496,0.28504016760118067,0.07962656021118161,0.014964379060506478,41.34970052242279,8.3684189411083,0.6997896924515448,0.15738034700917103,0.00047774725274725253,0.0008361398219329762,0.0,0.0,38.59054664373398,5.3565314415868475,5.511881851404905,2.6647249836971127,13.243931590020658,1.9406781039701413,0.5478588336729444,0.09493909222734362,3.0605625,0.3350855933685555,0.875,0.12817398889233114
left,treat_hip,28.58523622221417,4.019234611270097,0.09178108109368213,0.018874533659455742,45.39118242793613,6.909424959426733,0.7872748043981825,0.08732915035074709,0.0,0.0,0.0,0.0,41.81121466159821,3.364270980402024,10.772864350842106,2.2288799883608896,13.174888508849673,1.653291404659828,0.7515582289132807,0.07101835323701976,2.5516666666666667,0.3607539625794217,0.9125,0.11259916264596034
left,treat_knee,0.10768357515335081,0.24160988233039685,122.41742248535155,14.151902795921872,64.90019495487215,5.830501528067217,0.5863871714308748,0.12424380338601995,0.0004960317460317449,0.0014029896452114007,0.0002252072704081625,0.0006369823523124968,34.54548002481461,4.756083001133454,10.015210730582476,1.877815729848401,12.973776938021182,1.2160933632555115,0.6684212766587735,0.04245084873982567,2.8383611111111113,0.3112081013780259,0.975,0.046291004988627565
left,treat_ankle,0.054760730266570995,0.01021327240513739,0.09541454315185544,0.03276008014042311,47.81128476858139,23.403236705652674,0.09887629357023023,0.02625669426452072,0.0,0.0,0.0,0.0,13.577197265625,1.8145340042458475,4.548369473963976,3.57615357621292,5.089870047569274,2.3926055185579878,0.47545175477862356,0.12169792426120651,4.349500000000001,0.09132177542441175,0.225,0.3575711717366808
left,treat_hip_knee,26.950749981403348,6.7336993924357795,69.30673296451567,18.246217546983267,26.387602710723876,10.687573034228208,0.3306562640400396,0.15303646186626338,0.00022766189290161749,0.000643925073153997,0.0,0.0,23.414142370224,6.743583574152577,3.57692654505372,1.5004624294730315,4.596559814363718,2.9879250383666305,0.5953252807259559,0.06254156949034466,3.2433333333333336,0.36804589085843337,0.2625,0.23260942125619688
left,treat_hip_ankle,15.01187378168106,1.6105941982582266,0.046260070800781206,0.01284100935078911,17.475809860229493,2.4202346468182694,0.0063888888888888815,0.010899411824979886,0.0,0.0,0.0,0.0,10.369180780649184,2.2624937613342184,0.8140547439455986,0.14636583046330998,0.9197152242064477,0.24322875841726013,0.42400326766073704,0.02284803146013584,,,0.0,0.0
left,treat_knee_ankle,0.034755527973175,0.01015566209641111,23.489746379852296,3.1287271088832727,15.812511134147643,2.5105794566191095,0.0,0.0,0.0,0.0,0.0,0.0,15.52903617620468,0.7480399371155014,0.320414087921381,0.05664662979703425,1.6262981783598662,0.29362063099989044,0.37467612895416097,0.055369924185707305,,,0.0,0.0
left,treat_all,16.3634317278862,1.7167908309327833,29.572870469093324,1.9026639995718326,22.286182284355164,3.4713076617059406,0.0,0.0,0.0,0.0,0.0,0.0,8.6031744658947,1.3391394518537043,0.28940142039209604,0.053215403492726535,0.4382289934903383,0.18015007012092973,0.4284550424665213,0.012022671425195626,,,0.0,0.0
