side,condition,0.3 m/s,0.5 m/s,0.7 m/s,0.9 m/s
right,Untreated,7.5 ± 10.4,25.0 ± 21.4,46.2 ± 36.6,55.0 ± 35.5
right,Hip,0.0 ± 0.0,20.0 ± 27.3,18.8 ± 24.7,15.0 ± 27.8
right,Knee,0.0 ± 0.0,5.0 ± 7.6,30.0 ± 35.5,30.0 ± 38.5
right,Ankle,1.2 ± 3.5,5.0 ± 14.1,26.2 ± 32.5,46.2 ± 40.0
right,Hip + knee,0.0 ± 0.0,17.5 ± 24.9,23.8 ± 32.9,11.2 ± 22.3
right,Hip + ankle,0.0 ± 0.0,0.0 ± 0.0,0.0 ± 0.0,0.0 ± 0.0
right,Knee + ankle,0.0 ± 0.0,0.0 ± 0.0,0.0 ± 0.0,0.0 ± 0.0
right,All three (= unperturbed),0.0 ± 0.0,0.0 ± 0.0,0.0 ± 0.0,0.0 ± 0.0
left,Untreated,48.8 ± 23.0,73.8 ± 29.2,73.8 ± 33.4,75.0 ± 41.1
left,Hip,12.5 ± 12.8,45.0 ± 33.0,26.2 ± 31.1,30.0 ± 35.1
left,Knee,5.0 ± 10.7,10.0 ± 14.1,30.0 ± 33.8,23.8 ± 35.8
left,Ankle,2.5 ± 4.6,52.5 ± 28.7,80.0 ± 30.2,83.8 ± 26.7
left,Hip + knee,1.2 ± 3.5,12.5 ± 13.9,18.8 ± 24.2,6.2 ± 10.6
left,Hip + ankle,0.0 ± 0.0,0.0 ± 0.0,0.0 ± 0.0,0.0 ± 0.0
left,Knee + ankle,0.0 ± 0.0,0.0 ± 0.0,0.0 ± 0.0,0.0 ± 0.0
left,All three (= unperturbed),0.0 ± 0.0,0.0 ± 0.0,0.0 ± 0.0,0.0 ± 0.0
