condition,time_s,foot_height_m,peak
Unperturbed (damping scale 1),0.0,0.057383798,
Unperturbed (damping scale 1),0.02,0.047409162,
Unperturbed (damping scale 1),0.04,0.034898877,
Unperturbed (damping scale 1),0.06,0.03217504,
Unperturbed (damping scale 1),0.08,0.033182964,
Unperturbed (damping scale 1),0.1,0.034694597,
Unperturbed (damping scale 1),0.12,0.036482662,
Unperturbed (damping scale 1),0.14,0.037939943,
Unperturbed (damping scale 1),0.16,0.038815,
Unperturbed (damping scale 1),0.18,0.039160863,
Unperturbed (damping scale 1),0.2,0.039171793,
Unperturbed (damping scale 1),0.22,0.039015945,
Unperturbed (damping scale 1),0.24,0.038753226,
Unperturbed (damping scale 1),0.26,0.03842838,
Unperturbed (damping scale 1),0.28,0.03808841,
Unperturbed (damping scale 1),0.3,0.037684523,
Unperturbed (damping scale 1),0.32,0.03713108,
Unperturbed (damping scale 1),0.34,0.036437616,
Unperturbed (damping scale 1),0.36,0.036145,
Unperturbed (damping scale 1),0.38,0.036095142,
Unperturbed (damping scale 1),0.4,0.036117397,
Unperturbed (damping scale 1),0.42,0.036196865,
Unperturbed (damping scale 1),0.44,0.036442704,
Unperturbed (damping scale 1),0.46,0.037036642,
Unperturbed (damping scale 1),0.48,0.038258266,
Unperturbed (damping scale 1),0.5,0.04041946,
Unperturbed (damping scale 1),0.52,0.043925047,
Unperturbed (damping scale 1),0.54,0.049604684,
Unperturbed (damping scale 1),0.56,0.057645462,
Unperturbed (damping scale 1),0.58,0.06813742,
Unperturbed (damping scale 1),0.6,0.07832924,
Unperturbed (damping scale 1),0.62,0.08434714,main
Unperturbed (damping scale 1),0.64,0.08423064,
Unperturbed (damping scale 1),0.66,0.077326044,
Unperturbed (damping scale 1),0.68,0.06446141,
Unperturbed (damping scale 1),0.7000000000000001,0.04801328,
Unperturbed (damping scale 1),0.72,0.036672283,
Unperturbed (damping scale 1),0.74,0.03187507,
Unperturbed (damping scale 1),0.76,0.031652197,
Unperturbed (damping scale 1),0.78,0.032890446,
Unperturbed (damping scale 1),0.8,0.033781197,
Unperturbed (damping scale 1),0.8200000000000001,0.03430953,
Unperturbed (damping scale 1),0.84,0.034790076,
Unperturbed (damping scale 1),0.86,0.035178535,
Unperturbed (damping scale 1),0.88,0.035509303,
Unperturbed (damping scale 1),0.9,0.036054526,
Unperturbed (damping scale 1),0.92,0.03718238,
Unperturbed (damping scale 1),0.9400000000000001,0.04043575,
Unperturbed (damping scale 1),0.96,0.04722233,
Unperturbed (damping scale 1),0.98,0.05683067,
Unperturbed (damping scale 1),1.0,0.068050236,
Unperturbed (damping scale 1),1.02,0.07690145,
Unperturbed (damping scale 1),1.04,0.08108923,main
Unperturbed (damping scale 1),1.06,0.07979108,
Unperturbed (damping scale 1),1.08,0.073044,
Unperturbed (damping scale 1),1.1,0.061457425,
Unperturbed (damping scale 1),1.12,0.04661203,
Unperturbed (damping scale 1),1.1400000000000001,0.03605403,
Unperturbed (damping scale 1),1.16,0.032892462,
Unperturbed (damping scale 1),1.18,0.032244645,
Unperturbed (damping scale 1),1.2,0.033276383,
Unperturbed (damping scale 1),1.22,0.034200847,
Unperturbed (damping scale 1),1.24,0.034457084,
Unperturbed (damping scale 1),1.26,0.034991108,
Unperturbed (damping scale 1),1.28,0.035532296,
Unperturbed (damping scale 1),1.3,0.03607818,
Unperturbed (damping scale 1),1.32,0.036605485,
Unperturbed (damping scale 1),1.34,0.037565645,
Unperturbed (damping scale 1),1.36,0.039989714,
Unperturbed (damping scale 1),1.3800000000000001,0.045948785,
Unperturbed (damping scale 1),1.4000000000000001,0.055514656,
Unperturbed (damping scale 1),1.42,0.067678936,
Unperturbed (damping scale 1),1.44,0.07824039,
Unperturbed (damping scale 1),1.46,0.08474229,
Unperturbed (damping scale 1),1.48,0.086396456,main
Unperturbed (damping scale 1),1.5,0.08293003,
Unperturbed (damping scale 1),1.52,0.07465677,
Unperturbed (damping scale 1),1.54,0.062392417,
Unperturbed (damping scale 1),1.56,0.047747172,
Unperturbed (damping scale 1),1.58,0.037532516,
Unperturbed (damping scale 1),1.6,0.034111857,
Unperturbed (damping scale 1),1.62,0.032321844,
Unperturbed (damping scale 1),1.6400000000000001,0.033082664,
Unperturbed (damping scale 1),1.6600000000000001,0.033705316,
Unperturbed (damping scale 1),1.68,0.034153238,
Unperturbed (damping scale 1),1.7,0.034844473,
Unperturbed (damping scale 1),1.72,0.035438806,
Unperturbed (damping scale 1),1.74,0.035931513,
Unperturbed (damping scale 1),1.76,0.036340807,
Unperturbed (damping scale 1),1.78,0.037038244,
Unperturbed (damping scale 1),1.8,0.038825855,
Unperturbed (damping scale 1),1.82,0.04400891,
Unperturbed (damping scale 1),1.84,0.052585933,
Unperturbed (damping scale 1),1.86,0.06413429,
Unperturbed (damping scale 1),1.8800000000000001,0.07474226,
Unperturbed (damping scale 1),1.9000000000000001,0.0815612,
Unperturbed (damping scale 1),1.92,0.08341364,main
Unperturbed (damping scale 1),1.94,0.079910025,
Unperturbed (damping scale 1),1.96,0.07137088,
Unperturbed (damping scale 1),1.98,0.05879633,
Unperturbed (damping scale 1),2.0,0.043953232,
Unperturbed (damping scale 1),2.02,0.03662864,
Unperturbed (damping scale 1),2.04,0.03398984,
Unperturbed (damping scale 1),2.06,0.03257504,
Unperturbed (damping scale 1),2.08,0.03331758,
Unperturbed (damping scale 1),2.1,0.033519812,
Unperturbed (damping scale 1),2.12,0.034133974,
Unperturbed (damping scale 1),2.14,0.034850597,
Unperturbed (damping scale 1),2.16,0.035360657,
Unperturbed (damping scale 1),2.18,0.035762243,
Unperturbed (damping scale 1),2.2,0.03615098,
Unperturbed (damping scale 1),2.22,0.03675323,
Unperturbed (damping scale 1),2.24,0.038346104,
Unperturbed (damping scale 1),2.2600000000000002,0.043346994,
Unperturbed (damping scale 1),2.2800000000000002,0.05162341,
Unperturbed (damping scale 1),2.3000000000000003,0.062441446,
Unperturbed (damping scale 1),2.32,0.07227729,
Unperturbed (damping scale 1),2.34,0.07861099,
Unperturbed (damping scale 1),2.36,0.080455184,main
Unperturbed (damping scale 1),2.38,0.07734606,
Unperturbed (damping scale 1),2.4,0.06942381,
Unperturbed (damping scale 1),2.42,0.057477854,
Unperturbed (damping scale 1),2.44,0.043084644,
Unperturbed (damping scale 1),2.46,0.036016334,
Unperturbed (damping scale 1),2.48,0.03334453,
Unperturbed (damping scale 1),2.5,0.03257921,
Unperturbed (damping scale 1),2.52,0.03347667,
Unperturbed (damping scale 1),2.54,0.033788588,
Unperturbed (damping scale 1),2.56,0.03436798,
Unperturbed (damping scale 1),2.58,0.035049945,
Unperturbed (damping scale 1),2.6,0.03556942,
Unperturbed (damping scale 1),2.62,0.035964757,
Unperturbed (damping scale 1),2.64,0.03643059,
Unperturbed (damping scale 1),2.66,0.03730213,
Unperturbed (damping scale 1),2.68,0.039636955,
Unperturbed (damping scale 1),2.7,0.04565651,
Unperturbed (damping scale 1),2.72,0.054806605,
Unperturbed (damping scale 1),2.74,0.065571524,
Unperturbed (damping scale 1),2.7600000000000002,0.0746027,
Unperturbed (damping scale 1),2.7800000000000002,0.079714954,
Unperturbed (damping scale 1),2.8000000000000003,0.0801499,main
Unperturbed (damping scale 1),2.82,0.075698055,
Unperturbed (damping scale 1),2.84,0.06660106,
Unperturbed (damping scale 1),2.86,0.053806085,
Unperturbed (damping scale 1),2.88,0.039988957,
Unperturbed (damping scale 1),2.9,0.03476841,
Unperturbed (damping scale 1),2.92,0.03227446,
Unperturbed (damping scale 1),2.94,0.032440607,
Unperturbed (damping scale 1),2.96,0.03349953,
Unperturbed (damping scale 1),2.98,0.033807896,
Unperturbed (damping scale 1),3.0,0.034495153,
Unperturbed (damping scale 1),3.02,0.035127845,
Unperturbed (damping scale 1),3.04,0.03557802,
Unperturbed (damping scale 1),3.06,0.03594805,
Unperturbed (damping scale 1),3.08,0.036454156,
Unperturbed (damping scale 1),3.1,0.03748371,
Unperturbed (damping scale 1),3.12,0.04043433,
Unperturbed (damping scale 1),3.14,0.046909586,
Unperturbed (damping scale 1),3.16,0.057042196,
Unperturbed (damping scale 1),3.18,0.06846899,
Unperturbed (damping scale 1),3.2,0.07768284,
Unperturbed (damping scale 1),3.22,0.08248997,main
Unperturbed (damping scale 1),3.24,0.082139775,
Unperturbed (damping scale 1),3.2600000000000002,0.07662916,
Unperturbed (damping scale 1),3.2800000000000002,0.06643512,
Unperturbed (damping scale 1),3.3000000000000003,0.052791696,
Unperturbed (damping scale 1),3.3200000000000003,0.04014095,
Unperturbed (damping scale 1),3.34,0.035595443,
Unperturbed (damping scale 1),3.36,0.03300393,
Unperturbed (damping scale 1),3.38,0.03317932,
Unperturbed (damping scale 1),3.4,0.033906028,
Unperturbed (damping scale 1),3.42,0.03405487,
Unperturbed (damping scale 1),3.44,0.034695692,
Unperturbed (damping scale 1),3.46,0.035263613,
Unperturbed (damping scale 1),3.48,0.03571728,
Unperturbed (damping scale 1),3.5,0.036121696,
Unperturbed (damping scale 1),3.52,0.0367423,
Unperturbed (damping scale 1),3.54,0.03811744,
Unperturbed (damping scale 1),3.56,0.041757718,
Unperturbed (damping scale 1),3.58,0.049252126,
Unperturbed (damping scale 1),3.6,0.06017482,
Unperturbed (damping scale 1),3.62,0.07124053,
Unperturbed (damping scale 1),3.64,0.079494044,
Unperturbed (damping scale 1),3.66,0.08305214,main
Unperturbed (damping scale 1),3.68,0.0813963,
Unperturbed (damping scale 1),3.7,0.074734,
Unperturbed (damping scale 1),3.72,0.06370334,
Unperturbed (damping scale 1),3.74,0.049729638,
Unperturbed (damping scale 1),3.7600000000000002,0.03935958,
Unperturbed (damping scale 1),3.7800000000000002,0.035582803,
Unperturbed (damping scale 1),3.8000000000000003,0.032914665,
Unperturbed (damping scale 1),3.8200000000000003,0.033117957,
Unperturbed (damping scale 1),3.84,0.03338433,
Unperturbed (damping scale 1),3.86,0.03404609,
Unperturbed (damping scale 1),3.88,0.034783375,
Unperturbed (damping scale 1),3.9,0.035362266,
Unperturbed (damping scale 1),3.92,0.03581813,
Unperturbed (damping scale 1),3.94,0.036224153,
Unperturbed (damping scale 1),3.96,0.036895685,
Unperturbed (damping scale 1),3.98,0.038548317,
Unperturbed (damping scale 1),4.0,0.043163393,
Unperturbed (damping scale 1),4.0200000000000005,0.0514873,
Unperturbed (damping scale 1),4.04,0.06313402,
Unperturbed (damping scale 1),4.0600000000000005,0.07415389,
Unperturbed (damping scale 1),4.08,0.08186972,
Unperturbed (damping scale 1),4.1,0.084825896,main
Unperturbed (damping scale 1),4.12,0.08236009,
Unperturbed (damping scale 1),4.14,0.0747061,
Unperturbed (damping scale 1),4.16,0.06275204,
Unperturbed (damping scale 1),4.18,0.0481558,
Unperturbed (damping scale 1),4.2,0.037838407,
Unperturbed (damping scale 1),4.22,0.03454924,
Unperturbed (damping scale 1),4.24,0.03285452,
Unperturbed (damping scale 1),4.26,0.03341338,
Unperturbed (damping scale 1),4.28,0.03377276,
Unperturbed (damping scale 1),4.3,0.034094013,
Unperturbed (damping scale 1),4.32,0.034743592,
Unperturbed (damping scale 1),4.34,0.035299346,
Unperturbed (damping scale 1),4.36,0.03566746,
Unperturbed (damping scale 1),4.38,0.036036655,
Unperturbed (damping scale 1),4.4,0.036565825,
Unperturbed (damping scale 1),4.42,0.03778725,
Unperturbed (damping scale 1),4.44,0.04166327,
Unperturbed (damping scale 1),4.46,0.048979104,
Unperturbed (damping scale 1),4.48,0.05946599,
Unperturbed (damping scale 1),4.5,0.069676965,
Unperturbed (damping scale 1),4.5200000000000005,0.07710566,
Unperturbed (damping scale 1),4.54,0.08024922,main
Unperturbed (damping scale 1),4.5600000000000005,0.07827722,
Unperturbed (damping scale 1),4.58,0.07122194,
Unperturbed (damping scale 1),4.6000000000000005,0.059794273,
Unperturbed (damping scale 1),4.62,0.045525685,
Unperturbed (damping scale 1),4.64,0.03780789,
Unperturbed (damping scale 1),4.66,0.03455232,
Unperturbed (damping scale 1),4.68,0.032505274,
Unperturbed (damping scale 1),4.7,0.03313254,
Unperturbed (damping scale 1),4.72,0.03342713,
Unperturbed (damping scale 1),4.74,0.03421861,
Unperturbed (damping scale 1),4.76,0.034929313,
Unperturbed (damping scale 1),4.78,0.035453368,
Unperturbed (damping scale 1),4.8,0.035830364,
Unperturbed (damping scale 1),4.82,0.036262512,
Unperturbed (damping scale 1),4.84,0.037156552,
Unperturbed (damping scale 1),4.86,0.03935487,
Unperturbed (damping scale 1),4.88,0.045273483,
Unperturbed (damping scale 1),4.9,0.054797105,
Unperturbed (damping scale 1),4.92,0.06714102,
Unperturbed (damping scale 1),4.94,0.07804655,
Unperturbed (damping scale 1),4.96,0.084594324,
Unperturbed (damping scale 1),4.98,0.08587369,
"Right ankle damping scale 1,000",0.0,0.05746118,
"Right ankle damping scale 1,000",0.02,0.047530405,
"Right ankle damping scale 1,000",0.04,0.034014396,
"Right ankle damping scale 1,000",0.06,0.031449363,
"Right ankle damping scale 1,000",0.08,0.034956254,
"Right ankle damping scale 1,000",0.1,0.037359633,
"Right ankle damping scale 1,000",0.12,0.03489138,
"Right ankle damping scale 1,000",0.14,0.034390077,
"Right ankle damping scale 1,000",0.16,0.035437666,
"Right ankle damping scale 1,000",0.18,0.036207587,
"Right ankle damping scale 1,000",0.2,0.03660189,
"Right ankle damping scale 1,000",0.22,0.036761604,
"Right ankle damping scale 1,000",0.24,0.036728915,
"Right ankle damping scale 1,000",0.26,0.036556292,
"Right ankle damping scale 1,000",0.28,0.036389314,
"Right ankle damping scale 1,000",0.3,0.036251135,
"Right ankle damping scale 1,000",0.32,0.03627204,
"Right ankle damping scale 1,000",0.34,0.03626062,
"Right ankle damping scale 1,000",0.36,0.036206346,
"Right ankle damping scale 1,000",0.38,0.03618385,
"Right ankle damping scale 1,000",0.4,0.036290787,
"Right ankle damping scale 1,000",0.42,0.036869027,
"Right ankle damping scale 1,000",0.44,0.038352855,
"Right ankle damping scale 1,000",0.46,0.04122066,
"Right ankle damping scale 1,000",0.48,0.04587929,
"Right ankle damping scale 1,000",0.5,0.05222646,
"Right ankle damping scale 1,000",0.52,0.057864502,
"Right ankle damping scale 1,000",0.54,0.06304554,
"Right ankle damping scale 1,000",0.56,0.06681096,
"Right ankle damping scale 1,000",0.58,0.06778829,main
"Right ankle damping scale 1,000",0.6,0.065039925,
"Right ankle damping scale 1,000",0.62,0.05829048,
"Right ankle damping scale 1,000",0.64,0.049876567,
"Right ankle damping scale 1,000",0.66,0.04794507,
"Right ankle damping scale 1,000",0.68,0.045689635,
"Right ankle damping scale 1,000",0.7000000000000001,0.038264193,
"Right ankle damping scale 1,000",0.72,0.034174256,
"Right ankle damping scale 1,000",0.74,0.0337949,
"Right ankle damping scale 1,000",0.76,0.03455325,
"Right ankle damping scale 1,000",0.78,0.035573684,
"Right ankle damping scale 1,000",0.8,0.035099372,
"Right ankle damping scale 1,000",0.8200000000000001,0.03528074,
"Right ankle damping scale 1,000",0.84,0.035525635,
"Right ankle damping scale 1,000",0.86,0.036124088,
"Right ankle damping scale 1,000",0.88,0.038139418,
"Right ankle damping scale 1,000",0.9,0.044372782,
"Right ankle damping scale 1,000",0.92,0.05690781,
"Right ankle damping scale 1,000",0.9400000000000001,0.07247553,
"Right ankle damping scale 1,000",0.96,0.08573316,
"Right ankle damping scale 1,000",0.98,0.09419009,
"Right ankle damping scale 1,000",1.0,0.09644076,main
"Right ankle damping scale 1,000",1.02,0.09262601,
"Right ankle damping scale 1,000",1.04,0.083867736,
"Right ankle damping scale 1,000",1.06,0.07173299,
"Right ankle damping scale 1,000",1.08,0.058024034,
"Right ankle damping scale 1,000",1.1,0.044254556,
"Right ankle damping scale 1,000",1.12,0.033487584,
"Right ankle damping scale 1,000",1.1400000000000001,0.033413097,
"Right ankle damping scale 1,000",1.16,0.03615569,
"Right ankle damping scale 1,000",1.18,0.03782329,
"Right ankle damping scale 1,000",1.2,0.03862191,
"Right ankle damping scale 1,000",1.22,0.038816586,
"Right ankle damping scale 1,000",1.24,0.038608916,
"Right ankle damping scale 1,000",1.26,0.03814857,
"Right ankle damping scale 1,000",1.28,0.037554316,
"Right ankle damping scale 1,000",1.3,0.036871895,
"Right ankle damping scale 1,000",1.32,0.03655196,
"Right ankle damping scale 1,000",1.34,0.036551848,
"Right ankle damping scale 1,000",1.36,0.037990935,
"Right ankle damping scale 1,000",1.3800000000000001,0.044181727,
"Right ankle damping scale 1,000",1.4000000000000001,0.05446346,
"Right ankle damping scale 1,000",1.42,0.06585173,
"Right ankle damping scale 1,000",1.44,0.0753763,
"Right ankle damping scale 1,000",1.46,0.08109398,
"Right ankle damping scale 1,000",1.48,0.08173941,main
"Right ankle damping scale 1,000",1.5,0.07693249,
"Right ankle damping scale 1,000",1.52,0.06718791,
"Right ankle damping scale 1,000",1.54,0.05392949,
"Right ankle damping scale 1,000",1.56,0.039338976,
"Right ankle damping scale 1,000",1.58,0.030948438,
"Right ankle damping scale 1,000",1.6,0.03210739,
"Right ankle damping scale 1,000",1.62,0.03437415,
"Right ankle damping scale 1,000",1.6400000000000001,0.035752613,
"Right ankle damping scale 1,000",1.6600000000000001,0.03619097,
"Right ankle damping scale 1,000",1.68,0.03603841,
"Right ankle damping scale 1,000",1.7,0.035564274,
"Right ankle damping scale 1,000",1.72,0.034915373,
"Right ankle damping scale 1,000",1.74,0.03449646,
"Right ankle damping scale 1,000",1.76,0.034147065,
"Right ankle damping scale 1,000",1.78,0.034417585,
"Right ankle damping scale 1,000",1.8,0.036468003,
"Right ankle damping scale 1,000",1.82,0.043469172,
"Right ankle damping scale 1,000",1.84,0.05736368,
"Right ankle damping scale 1,000",1.86,0.07260165,
"Right ankle damping scale 1,000",1.8800000000000001,0.084457,
"Right ankle damping scale 1,000",1.9000000000000001,0.09132964,
"Right ankle damping scale 1,000",1.92,0.092519894,main
"Right ankle damping scale 1,000",1.94,0.08848567,
"Right ankle damping scale 1,000",1.96,0.08023925,
"Right ankle damping scale 1,000",1.98,0.06911511,
"Right ankle damping scale 1,000",2.0,0.056637138,
"Right ankle damping scale 1,000",2.02,0.043927632,
"Right ankle damping scale 1,000",2.04,0.03587628,
"Right ankle damping scale 1,000",2.06,0.036482684,
"Right ankle damping scale 1,000",2.08,0.038424585,
"Right ankle damping scale 1,000",2.1,0.039310053,
"Right ankle damping scale 1,000",2.12,0.0394947,
"Right ankle damping scale 1,000",2.14,0.039289847,
"Right ankle damping scale 1,000",2.16,0.038844153,
"Right ankle damping scale 1,000",2.18,0.038199984,
"Right ankle damping scale 1,000",2.2,0.037413463,
"Right ankle damping scale 1,000",2.22,0.03656452,
"Right ankle damping scale 1,000",2.24,0.036471084,
"Right ankle damping scale 1,000",2.2600000000000002,0.036272015,
"Right ankle damping scale 1,000",2.2800000000000002,0.039152123,
"Right ankle damping scale 1,000",2.3000000000000003,0.047648374,
"Right ankle damping scale 1,000",2.32,0.060191408,
"Right ankle damping scale 1,000",2.34,0.07301953,
"Right ankle damping scale 1,000",2.36,0.082932785,
"Right ankle damping scale 1,000",2.38,0.08808359,main
"Right ankle damping scale 1,000",2.4,0.08766771,
"Right ankle damping scale 1,000",2.42,0.081713706,
"Right ankle damping scale 1,000",2.44,0.07101659,
"Right ankle damping scale 1,000",2.46,0.057260893,
"Right ankle damping scale 1,000",2.48,0.0426901,
"Right ankle damping scale 1,000",2.5,0.034027494,
"Right ankle damping scale 1,000",2.52,0.03424128,
"Right ankle damping scale 1,000",2.54,0.035785243,
"Right ankle damping scale 1,000",2.56,0.036764696,
"Right ankle damping scale 1,000",2.58,0.037021074,
"Right ankle damping scale 1,000",2.6,0.036769778,
"Right ankle damping scale 1,000",2.62,0.036231026,
"Right ankle damping scale 1,000",2.64,0.035435,
"Right ankle damping scale 1,000",2.66,0.035012394,
"Right ankle damping scale 1,000",2.68,0.03409236,
"Right ankle damping scale 1,000",2.7,0.034243315,
"Right ankle damping scale 1,000",2.72,0.036263563,
"Right ankle damping scale 1,000",2.74,0.043573428,
"Right ankle damping scale 1,000",2.7600000000000002,0.05800321,
"Right ankle damping scale 1,000",2.7800000000000002,0.07341509,
"Right ankle damping scale 1,000",2.8000000000000003,0.08526946,
"Right ankle damping scale 1,000",2.82,0.09215159,
"Right ankle damping scale 1,000",2.84,0.093351245,main
"Right ankle damping scale 1,000",2.86,0.08923519,
"Right ankle damping scale 1,000",2.88,0.08079701,
"Right ankle damping scale 1,000",2.9,0.06946426,
"Right ankle damping scale 1,000",2.92,0.056836575,
"Right ankle damping scale 1,000",2.94,0.044046957,
"Right ankle damping scale 1,000",2.96,0.035988957,
"Right ankle damping scale 1,000",2.98,0.036670923,
"Right ankle damping scale 1,000",3.0,0.038714543,
"Right ankle damping scale 1,000",3.02,0.039717525,
"Right ankle damping scale 1,000",3.04,0.039949104,
"Right ankle damping scale 1,000",3.06,0.039735295,
"Right ankle damping scale 1,000",3.08,0.03925231,
"Right ankle damping scale 1,000",3.1,0.03857754,
"Right ankle damping scale 1,000",3.12,0.037781313,
"Right ankle damping scale 1,000",3.14,0.036936395,
"Right ankle damping scale 1,000",3.16,0.03631939,
"Right ankle damping scale 1,000",3.18,0.03621844,
"Right ankle damping scale 1,000",3.2,0.037529692,
"Right ankle damping scale 1,000",3.22,0.043883264,
"Right ankle damping scale 1,000",3.24,0.054650985,
"Right ankle damping scale 1,000",3.2600000000000002,0.06662295,
"Right ankle damping scale 1,000",3.2800000000000002,0.07665999,
"Right ankle damping scale 1,000",3.3000000000000003,0.08274425,
"Right ankle damping scale 1,000",3.3200000000000003,0.0835939,main
"Right ankle damping scale 1,000",3.34,0.07886273,
"Right ankle damping scale 1,000",3.36,0.06903233,
"Right ankle damping scale 1,000",3.38,0.055600032,
"Right ankle damping scale 1,000",3.4,0.040829018,
"Right ankle damping scale 1,000",3.42,0.032167494,
"Right ankle damping scale 1,000",3.44,0.032821305,
"Right ankle damping scale 1,000",3.46,0.03475605,
"Right ankle damping scale 1,000",3.48,0.035947844,
"Right ankle damping scale 1,000",3.5,0.03626895,
"Right ankle damping scale 1,000",3.52,0.036022164,
"Right ankle damping scale 1,000",3.54,0.0354592,
"Right ankle damping scale 1,000",3.56,0.034925345,
"Right ankle damping scale 1,000",3.58,0.034410052,
"Right ankle damping scale 1,000",3.6,0.03421131,
"Right ankle damping scale 1,000",3.62,0.034891352,
"Right ankle damping scale 1,000",3.64,0.03809624,
"Right ankle damping scale 1,000",3.66,0.046934675,
"Right ankle damping scale 1,000",3.68,0.06220949,
"Right ankle damping scale 1,000",3.7,0.07700224,
"Right ankle damping scale 1,000",3.72,0.08778787,
"Right ankle damping scale 1,000",3.74,0.09325233,main
"Right ankle damping scale 1,000",3.7600000000000002,0.09311393,
"Right ankle damping scale 1,000",3.7800000000000002,0.08813666,
"Right ankle damping scale 1,000",3.8000000000000003,0.07945622,
"Right ankle damping scale 1,000",3.8200000000000003,0.06838277,
"Right ankle damping scale 1,000",3.84,0.056289025,
"Right ankle damping scale 1,000",3.86,0.044037346,
"Right ankle damping scale 1,000",3.88,0.03622361,
"Right ankle damping scale 1,000",3.9,0.036978066,
"Right ankle damping scale 1,000",3.92,0.03906402,
"Right ankle damping scale 1,000",3.94,0.040061634,
"Right ankle damping scale 1,000",3.96,0.040257413,
"Right ankle damping scale 1,000",3.98,0.04003077,
"Right ankle damping scale 1,000",4.0,0.039564453,
"Right ankle damping scale 1,000",4.0200000000000005,0.03891687,
"Right ankle damping scale 1,000",4.04,0.038145453,
"Right ankle damping scale 1,000",4.0600000000000005,0.037313662,
"Right ankle damping scale 1,000",4.08,0.036676615,
"Right ankle damping scale 1,000",4.1,0.036550492,
"Right ankle damping scale 1,000",4.12,0.038424194,
"Right ankle damping scale 1,000",4.14,0.04480606,
"Right ankle damping scale 1,000",4.16,0.054967035,
"Right ankle damping scale 1,000",4.18,0.06609782,
"Right ankle damping scale 1,000",4.2,0.07532212,
"Right ankle damping scale 1,000",4.22,0.080704674,
"Right ankle damping scale 1,000",4.24,0.08103508,main
"Right ankle damping scale 1,000",4.26,0.075878605,
"Right ankle damping scale 1,000",4.28,0.065721124,
"Right ankle damping scale 1,000",4.3,0.052079126,
"Right ankle damping scale 1,000",4.32,0.037374303,
"Right ankle damping scale 1,000",4.34,0.031895317,
"Right ankle damping scale 1,000",4.36,0.033084027,
"Right ankle damping scale 1,000",4.38,0.0344851,
"Right ankle damping scale 1,000",4.4,0.03538549,
"Right ankle damping scale 1,000",4.42,0.03550096,
"Right ankle damping scale 1,000",4.44,0.035127737,
"Right ankle damping scale 1,000",4.46,0.03473185,
"Right ankle damping scale 1,000",4.48,0.034256574,
"Right ankle damping scale 1,000",4.5,0.034033842,
"Right ankle damping scale 1,000",4.5200000000000005,0.03443742,
"Right ankle damping scale 1,000",4.54,0.036546055,
"Right ankle damping scale 1,000",4.5600000000000005,0.042780638,
"Right ankle damping scale 1,000",4.58,0.055303898,
"Right ankle damping scale 1,000",4.6000000000000005,0.070203505,
"Right ankle damping scale 1,000",4.62,0.08186047,
"Right ankle damping scale 1,000",4.64,0.08893033,
"Right ankle damping scale 1,000",4.66,0.09076821,main
"Right ankle damping scale 1,000",4.68,0.087746456,
"Right ankle damping scale 1,000",4.7,0.08077784,
"Right ankle damping scale 1,000",4.72,0.07095808,
"Right ankle damping scale 1,000",4.74,0.05955133,
"Right ankle damping scale 1,000",4.76,0.04763694,
"Right ankle damping scale 1,000",4.78,0.037511908,
"Right ankle damping scale 1,000",4.8,0.036413077,
"Right ankle damping scale 1,000",4.82,0.038247205,
"Right ankle damping scale 1,000",4.84,0.039423063,
"Right ankle damping scale 1,000",4.86,0.039854314,
"Right ankle damping scale 1,000",4.88,0.039749008,
"Right ankle damping scale 1,000",4.9,0.039317183,
"Right ankle damping scale 1,000",4.92,0.03867601,
"Right ankle damping scale 1,000",4.94,0.037911553,
"Right ankle damping scale 1,000",4.96,0.037088715,
"Right ankle damping scale 1,000",4.98,0.03669141,
